SSN,Public,EC,ExAc,ExBas,M3 Al,M3 B,M3 Ca,M3 Cu,M3 Fe,M3 K,M3 Mg,M3 Mn,M3 Na,M3 P,M3 S,M3 Zn,PH,PSI
icr006475,True,0.053,2.56,2.744241033,1095.0,0.3337,207.1,1.315,153.7,306.3,89.5,9.266,42.71,4.495,18.96,2.825,4.6819999999999995,67.05249534
icr006586,True,0.193,0.59,16.79775329,1165.0,0.7899,1665.0,2.8139999999999996,126.8,1186.0,636.7,254.7,40.83,12.51,13.6,1.952,7.062,30.42055227
icr007929,True,0.305,0.19,16.50361899,727.6,0.6142,2518.0,0.2496,260.4,72.57,428.5,35.82,42.94,21.09,14.81,2.742,7.114,60.50616313
icr008008,True,0.053,0.48,6.3027752,1458.0,0.3603,734.3,1.369,134.1,274.6,222.5,29.11,20.73,109.2,11.4,0.98,5.65,51.4701435
icr010198,True,0.032,1.05,2.390303016,2166.0,0.01,261.8,1.686,97.49,91.76,76.5,375.2,49.31,3.958,5.281000000000001,1.258,5.501,247.6265331
icr011882,True,0.028999999999999998,1.632,1.18580588,382.1,0.0151,150.4,0.2186,96.86,37.33,36.94,13.38,7.6,6.402,3.577,0.444,5.697,0.9848842240000001
icr011961,True,0.212,0.768,7.560980385,338.8,0.3977,1020.0,1.036,168.0,279.9,179.6,40.07,59.99,43.69,9.571,2.904,8.097000000000001,-13.649412400000001
icr021104,True,0.04,0.5760000000000001,2.0072675380000002,441.4,0.0447,258.7,0.6028,141.2,35.25,58.37,5.847,32.48,4.4239999999999995,3.608,1.149,5.522,-100.551694
icr024938,True,0.02,0.1,2.103110693,375.0,0.02,214.0,0.33,68.0,48.0,97.0,24.0,25.0,4.59,3.0,2.08,5.83,-1.8
icr025010,True,0.021,0.49,1.615761768,537.0,0.01,131.0,0.41,131.0,51.0,91.0,55.0,18.0,3.66,4.0,2.15,5.47,42.65
icr006121,True,0.106,0.18,5.586199784,624.7,0.3992,633.0,0.7759,75.76,243.1,200.8,87.34,32.19,7.957000000000001,11.38,1.501,7.081,-7.5732085620000005
icr006570,True,0.14800000000000002,0.36,8.296061466,1151.0,0.5928,896.2,2.247,70.46,607.3,252.7,151.8,39.89,5.986000000000001,20.08,2.326,6.6610000000000005,12.10037601
icr005928,True,0.218,0.09,7.282999218,747.2,0.414,946.8,1.244,80.02,209.6,224.7,107.2,35.86,6.199,11.05,2.0340000000000003,7.563,1.592510707
icr005929,True,0.115,0.13,6.2434607810000005,852.3,0.2954,629.8,1.317,92.18,146.9,307.6,114.5,40.62,1.34,8.272,2.0580000000000003,6.907,17.70090868
icr005946,True,0.111,0.18,7.05556601,594.7,0.1794,729.5,1.031,85.29,83.85,365.0,63.0,40.73,4.06,8.87,1.275,6.905,1.4487958330000001
icr005947,True,0.11599999999999999,0.14,6.307350141000001,517.0,0.1328,661.7,0.7326,72.55,58.59,315.6,35.34,55.37,2.7489999999999997,10.13,1.795,6.872999999999999,1.6705323980000002
icr005965,True,0.23800000000000002,0.27,39.98554406,601.6,0.6949,7212.0,1.635,60.15,247.3,380.6,129.4,33.95,13.05,13.41,1.281,7.879,30.63797853
icr005966,True,0.205,0.18,13.61842451,961.4,0.5955,1985.0,1.8659999999999999,123.4,167.7,375.8,166.1,36.51,8.997,9.889,1.484,7.401,19.51400217
icr005985,True,0.321,0.09,26.40780632,765.6,1.625,4551.0,3.2569999999999997,98.46,297.5,333.3,124.7,31.6,27.1,23.39,2.25,7.78,26.97103745
icr005986,True,0.643,0.18,60.77534907,195.2,1.165,11368.0,3.8339999999999996,39.04,166.4,396.8,130.0,53.0,17.47,35.89,2.081,7.896,46.56910451
icr006015,True,0.165,0.18,8.276767834,740.6,0.42700000000000005,985.8,2.022,98.25,177.7,323.3,193.0,50.92,4.6160000000000005,11.31,2.326,7.13,8.509304418
icr006016,True,0.154,0.18,8.208038744,836.0,0.5616,935.0,2.003,125.4,141.6,356.7,210.9,51.28,3.603,10.84,2.028,6.928999999999999,2.787864715
icr006035,True,0.153,0.09,4.4067572760000004,604.4,0.2876,459.7,0.7834,93.92,232.9,168.4,108.0,27.8,11.76,21.99,1.624,6.492000000000001,2.902925735
icr006036,True,0.16699999999999998,0.18,6.7512129839999995,854.0,0.2959,731.1,1.006,117.1,224.3,281.7,115.7,44.61,4.552,15.6,1.617,6.379,17.09976786
icr006055,True,0.218,0.18,17.6672388,863.3,0.4329,2222.0,1.8,199.3,408.6,643.7,172.1,44.25,55.79,15.41,2.737,6.882999999999999,20.42340788
icr006056,True,0.24,0.09,16.13333066,838.0,0.35200000000000004,2125.0,1.975,142.2,198.8,574.6,189.0,57.76,34.26,12.17,1.791,7.039,5.724360592000001
icr006076,True,0.25,0.09,15.50492556,828.6,0.7049,2460.0,1.636,185.4,219.8,301.0,131.2,35.69,27.94,12.22,2.647,7.58,16.904964
icr006077,True,0.162,0.09,14.796555599999998,859.1,0.7309,2203.0,1.694,191.0,197.1,371.0,133.1,48.61,19.81,13.05,3.102,7.465,19.64685056
icr006085,True,0.08199999999999999,0.18,10.18622149,737.8,0.6079,1423.0,1.54,125.3,239.1,283.0,139.1,27.8,15.29,11.89,3.846,6.837000000000001,1.3256212379999999
icr006101,True,0.209,0.18,32.00618704,650.4,1.18,5261.0,1.963,64.6,426.9,538.9,172.9,35.8,8.927,13.62,2.8710000000000004,8.052,23.15896398
icr006102,True,0.174,0.09,23.19320391,507.0,0.5053,3949.0,1.4269999999999998,58.68,183.4,344.3,125.6,30.75,7.957000000000001,45.13,2.83,8.064,10.18829049
icr006152,True,0.092,0.45,4.924882089,719.8,0.4171,483.7,0.6894,166.3,316.9,188.9,34.1,30.99,33.67,11.62,3.048,6.303,1.904618792
icr006153,True,0.10099999999999999,1.17,2.7328932810000004,971.3,0.1197,193.4,0.6026,156.2,185.3,139.7,11.72,31.61,20.5,9.846,1.651,5.087,37.00771057
icr006164,True,0.094,0.45,18.40597791,523.5,1.6340000000000001,2842.0,1.218,131.6,357.2,383.9,101.0,25.23,61.15,18.2,4.498,7.2010000000000005,-33.49367433
icr006165,True,0.099,0.36,10.02337826,668.4,0.5363,1288.0,0.9556,146.7,237.7,343.0,65.51,32.37,15.11,10.74,2.8280000000000003,7.126,-23.39472668
icr006454,True,0.193,0.27,23.22971328,946.0,1.31,3183.0,2.4,58.0,1068.0,543.0,128.0,22.0,15.42,9.0,1.26,7.82,57.73163074
icr006455,True,0.21899999999999997,0.18,31.53045985,946.8,2.478,4679.0,2.375,54.5,1355.0,552.9,130.1,23.13,11.56,9.793,1.285,8.175,83.01799375
icr006474,True,0.071,1.44,3.748265435,1002.0,0.3331,281.8,1.159,217.3,455.3,130.1,21.78,22.91,7.978,15.61,1.38,4.966,41.54223285
icr006492,True,0.08,0.18,8.168950794,822.5,0.7449,1036.0,1.879,69.76,394.8,221.9,112.9,33.43,5.148,10.61,1.9369999999999998,6.614,7.5447596820000005
icr006510,True,0.11599999999999999,0.45,7.669776754,865.2,1.01,812.6,1.4240000000000002,115.5,450.2,272.4,102.3,46.95,9.775,13.46,2.3480000000000003,6.6129999999999995,9.647693575
icr006511,True,0.081,0.77,5.143188043,1290.0,0.5459,448.3,1.047,127.1,430.6,198.6,37.09,36.59,6.08,27.58,1.5390000000000001,5.138,71.04958747
icr006531,True,0.081,0.63,7.257641838,1195.0,0.8279,670.2,2.707,63.92,589.8,274.0,123.6,30.76,1.976,14.1,0.79,6.2989999999999995,57.62503721
icr006550,True,0.091,0.45,12.49196878,1098.0,0.6779,1444.0,2.3609999999999998,101.4,825.3,365.7,143.3,31.95,7.16,9.269,1.4080000000000001,7.039,29.06653106
icr006551,True,0.065,0.54,12.74151599,1167.0,0.6839,1595.0,2.3409999999999997,97.68,731.0,337.2,144.4,25.34,3.8489999999999998,6.204,1.23,6.8839999999999995,48.26573414
icr006571,True,0.114,0.45,7.343783,1098.0,0.599,834.7,1.911,64.68,420.5,232.5,112.1,39.87,3.764,12.55,1.3730000000000002,6.644,14.65607559
icr006587,True,0.14300000000000002,0.59,21.10152411,1386.0,0.7719,2191.0,3.407,114.9,1024.0,880.4,279.1,57.86,6.332999999999999,13.47,2.1319999999999997,6.912000000000001,51.87335427
icr006626,True,0.046,0.27,3.89178932,793.2,0.3215,310.7,0.8042,104.2,376.9,146.0,47.16,38.58,10.45,11.46,1.693,6.06,9.082525757
icr006627,True,0.067,0.58,5.550418518,1189.0,0.4847,501.3,0.9301,116.5,474.2,205.8,38.54,29.97,7.9479999999999995,12.44,1.2919999999999998,5.688,47.10198352
icr006646,True,0.08900000000000001,1.4,4.18797582,1357.0,0.3913,370.4,1.7719999999999998,150.6,424.7,134.2,51.87,32.36,10.57,20.63,3.66,4.921,68.90096959
icr006647,True,0.066,2.21,3.8039184539999997,1495.0,0.4771,302.0,1.696,111.7,333.6,152.4,44.92,41.68,4.74,31.48,1.965,4.677,77.49277204
icr006666,True,0.11699999999999999,1.22,3.4062522669999997,1189.0,0.4483,204.2,2.09,77.0,369.3,148.5,64.53,49.1,5.324,30.6,2.081,4.811,22.28955041
icr006667,True,0.19699999999999998,1.44,3.383296802,1314.0,0.4936,226.6,1.8980000000000001,58.22,297.5,143.1,61.88,70.56,1.994,91.65,1.432,4.553999999999999,94.59611783
icr006684,True,0.07200000000000001,0.54,6.734785769,940.8,0.5776,612.1,1.805,96.45,457.6,289.5,142.8,25.62,5.355,10.18,1.911,6.615,13.02624885
icr006704,True,0.07400000000000001,0.63,5.226246613,1006.0,0.3356,451.3,1.305,118.9,456.1,202.8,131.7,29.26,8.347999999999999,10.22,2.464,6.314,15.98514771
icr006724,True,0.079,0.86,4.700444146000001,1189.0,0.4255,349.2,2.237,152.0,552.9,165.6,48.34,39.51,8.133,21.59,1.264,5.274,50.44780527
icr006725,True,0.065,1.62,3.398361417,1208.0,0.45799999999999996,234.8,1.683,97.09,340.5,144.0,15.26,37.59,4.456,35.99,1.629,4.792,85.59437252
icr006744,True,0.047,0.63,3.2760670139999997,899.0,0.2032,241.5,1.119,132.4,283.9,145.7,58.53,31.82,7.486000000000001,11.61,6.268,5.727,5.115256101
icr006745,True,0.055,1.08,1.897040308,1073.0,0.1316,117.0,0.5436,113.6,200.1,76.7,12.61,38.27,6.129,16.7,1.797,4.945,42.18699037
icr007730,True,0.106,0.48,7.902995213,1226.0,0.9632,829.7,0.7290000000000001,163.8,458.5,300.1,67.68,23.39,11.16,22.49,2.62,4.995,58.87486621
icr007731,True,0.109,1.14,6.376301674,1471.0,1.003,513.1,0.7151,122.2,403.3,313.5,67.33,43.34,5.652,45.53,1.209,4.574,75.79536807
icr007750,True,0.037000000000000005,0.28,7.164436791,875.0,0.3955,993.0,1.085,125.9,109.4,214.8,97.78,33.22,5.901,9.451,2.285,5.934,13.56382764
icr007751,True,0.037000000000000005,0.38,5.3054541230000005,953.0,0.3463,704.0,1.1159999999999999,124.0,57.62,181.9,60.57,31.0,3.238,10.29,0.9890000000000001,5.593999999999999,14.80507574
icr007770,True,0.046,0.67,4.541122963,579.4,0.4538,336.7,0.1575,236.3,42.03,265.9,8.099,127.1,12.1,10.01,0.882,5.462000000000001,18.696400699999998
icr007771,True,0.057999999999999996,0.38,7.456745905,673.7,0.473,772.3,0.1983,217.8,192.8,344.6,22.01,58.47,19.8,13.59,1.808,5.233,31.28626432
icr007790,True,0.057,0.38,9.572012427999999,1535.0,0.6265,971.0,2.035,113.3,395.0,423.4,77.22,47.75,5.206,14.62,1.8459999999999999,5.312,76.40995832
icr007791,True,0.055999999999999994,0.76,7.670719567999999,1749.0,0.7119,694.9,2.17,108.5,275.8,405.6,63.32,31.92,3.699,15.35,1.534,4.966,127.6794722
icr007810,True,0.11199999999999999,0.38,13.96716842,1513.0,1.1440000000000001,1841.0,1.203,123.5,553.9,393.5,65.27,21.5,17.08,15.5,2.551,6.228,56.6107051
icr007811,True,0.12300000000000001,0.19,9.647246728999999,1734.0,0.9594,1056.0,1.2570000000000001,84.35,426.0,373.3,48.7,44.3,3.992,12.72,2.424,6.05,93.56676434
icr007830,True,0.05,0.19,10.32096648,1548.0,0.6862,1281.0,1.0590000000000002,96.45,142.5,397.8,29.78,60.7,3.4530000000000003,11.88,2.4219999999999997,5.7010000000000005,62.44336984
icr007831,True,0.046,0.28,10.80516645,1855.0,0.768,1220.0,1.107,74.36,67.56,516.8,13.41,60.1,1.6159999999999999,9.324,2.9019999999999997,5.809,144.85465530000002
icr007890,True,0.07,0.28,12.84316482,1262.0,0.9394,1693.0,1.08,119.8,584.5,332.0,134.9,32.08,40.34,9.262,2.65,6.468999999999999,50.52413561
icr007891,True,0.08,0.28,13.50554693,1377.0,0.8714,1885.0,0.9395,120.3,402.0,357.2,133.8,23.08,10.33,10.62,2.864,6.228,64.79939574
icr007910,True,0.051,0.38,5.144421202,1003.0,0.2083,490.9,0.8278,131.2,229.2,240.0,49.09,27.66,8.495,9.379,1.5759999999999998,5.517,37.04550901
icr007949,True,0.031,0.29,4.849080182,889.2,0.1152,548.9,0.9507,89.68,49.45,224.1,129.0,28.99,7.093,9.957,0.863,5.558,26.72077399
icr007950,True,0.055999999999999994,0.38,8.501635074,1175.0,0.2782,1055.0,1.8259999999999998,148.8,115.0,337.6,214.9,32.76,8.571,12.89,1.248,5.693,31.26116413
icr007967,True,0.067,0.66,7.958381962000001,1776.0,0.5877,773.0,1.212,88.85,283.9,384.6,55.41,43.42,2.093,13.45,2.438,5.39,129.2080192
icr007968,True,0.061,0.48,12.37852022,1545.0,0.9378,1451.0,1.34,109.8,443.8,460.8,125.1,41.45,5.0569999999999995,11.43,3.73,6.046,63.37668328
icr007987,True,0.063,0.48,10.19579457,1574.0,0.735,1015.0,1.262,106.5,450.8,467.4,64.32,24.16,4.456,10.33,2.329,6.2379999999999995,77.03786738
icr007988,True,0.065,0.57,7.494121197999999,1467.0,0.5529,684.8,1.067,103.3,449.1,328.4,33.39,47.72,12.08,18.19,4.141,6.0120000000000005,87.24972969
icr008007,True,0.095,0.47,9.794590793,1253.0,0.5069,1246.0,1.124,153.7,376.9,290.4,47.71,46.15,145.0,10.91,2.798,5.992999999999999,23.91229593
icr009918,True,0.075,0.2,13.33613263,2119.0,0.3327,1914.0,1.6019999999999999,83.15,352.7,326.6,113.9,37.93,48.63,7.112,5.196000000000001,6.159,231.26593619999997
icr009919,True,0.048,0.25,7.96575251,2129.0,0.2502,1194.0,3.342,149.3,118.9,171.7,156.3,62.71,21.63,7.308,2.971,5.722,245.3976858
icr009938,True,0.048,0.7,3.0382721989999997,2304.0,0.1371,368.4,2.2,90.76,122.6,79.81,144.8,51.32,5.904,6.4510000000000005,1.102,5.619,263.9108398
icr009939,True,0.033,0.85,1.748858817,2363.0,0.1308,200.5,1.841,71.42,50.75,53.95,170.5,39.26,2.15,5.466,1.8719999999999999,5.185,241.49062709999998
icr009958,True,0.040999999999999995,0.75,4.658321215,2384.0,0.1358,589.4,1.52,66.57,171.3,120.0,120.2,64.74,5.746,7.169,1.9509999999999998,5.745,283.4140705
icr009959,True,0.023,1.55,1.340213523,2179.0,0.1054,133.4,1.704,135.0,46.48,37.43,172.6,56.35,1.921,5.428,1.399,5.06,267.5673324
icr009978,True,0.026000000000000002,1.05,2.6898450360000004,2201.0,0.1301,241.9,3.113,91.45,171.6,106.7,344.1,36.72,2.838,7.47,2.147,5.596,245.07647630000002
icr009979,True,0.024,0.65,2.075005337,1990.0,0.0662,133.3,2.543,99.97,135.0,102.2,447.0,50.28,0.633,5.027,1.501,5.322,243.9548013
icr009998,True,0.027000000000000003,2.4,1.941609541,2628.0,0.1132,215.8,1.475,76.35,94.03,44.08,190.4,59.3,10.8,7.143,1.9409999999999998,5.2010000000000005,338.6243895
icr009999,True,0.017,1.8,1.0485085920000001,2431.0,0.0067,124.0,2.015,88.69,23.2,25.31,207.4,36.8,2.423,5.367999999999999,0.8440000000000001,5.2010000000000005,291.08737460000003
icr010018,True,0.021,1.8,1.8182211330000002,2605.0,0.1116,248.2,1.27,84.17,36.63,33.64,106.2,47.27,8.19,6.419,1.314,5.43,352.730821
icr010019,True,0.019,1.9,1.1044842,2444.0,0.1159,109.0,1.6909999999999998,91.57,22.81,28.7,144.1,60.71,2.344,7.622000000000001,1.308,4.9319999999999995,262.9879828
icr010038,True,0.057,0.1,12.25492993,1576.0,0.2289,1786.0,4.566,114.3,334.9,270.9,474.8,52.8,2.965,5.845,3.5,6.5089999999999995,184.05696369999998
icr010039,True,0.034,0.1,7.8773948339999995,1686.0,0.1184,1011.0,2.8810000000000002,108.0,264.0,225.9,455.3,64.46,0.517,6.648,2.699,6.376,223.06348480000003
icr010058,True,0.048,1.6,3.6025568999999997,2630.0,0.1138,471.9,0.9957,60.24,82.64,99.61,119.6,47.95,8.209,7.5889999999999995,1.421,5.43,347.88511669999997
icr010059,True,0.022000000000000002,1.95,1.11777668,2538.0,0.0452,122.9,1.405,92.62,29.41,27.39,107.2,46.39,2.883,4.79,0.8740000000000001,5.069,335.15916880000003
icr010078,True,0.034,1.0,3.625927438,2371.0,0.0638,466.2,2.687,67.42,71.8,106.5,178.8,53.16,11.18,5.9910000000000005,1.569,5.642,305.5717275
icr010079,True,0.023,1.3,1.6073989659999999,2368.0,0.01,189.3,2.8739999999999997,83.89,35.35,43.13,247.8,49.23,4.363,6.105,0.991,5.354,287.70977450000004
icr010098,True,0.045,0.5,5.996395923,2457.0,0.133,871.9,2.1390000000000002,50.6,107.8,138.3,166.1,50.19,3.714,6.063,1.063,5.808,333.86434249999996
icr010099,True,0.039,0.7,2.034969796,2325.0,0.0306,265.2,3.188,74.79,39.38,46.4,312.4,51.7,1.3030000000000002,5.398,1.371,5.3870000000000005,295.27895689999997
icr010118,True,0.038,2.2,3.3748307580000003,2388.0,0.0839,467.4,2.762,102.4,48.28,83.58,298.0,51.43,3.194,6.591,1.337,5.29,346.72528910000005
icr010119,True,0.027999999999999997,1.95,1.253401778,2242.0,0.0044,143.5,3.0269999999999997,119.3,23.27,28.04,331.3,56.27,2.52,5.98,1.444,5.2139999999999995,282.5773574
icr010138,True,0.042,1.25,2.516920082,2295.0,0.0624,251.2,2.061,111.6,151.9,80.68,211.7,47.3,14.04,6.2139999999999995,1.4140000000000001,5.579,264.3704292
icr010139,True,0.033,1.55,5.925644987,1449.0,0.1487,727.0,4.141,117.5,212.5,179.5,686.6,60.65,5.0969999999999995,6.789,4.246,5.165,255.6695264
icr010158,True,0.107,0.15,7.175819661,1557.0,0.2062,1056.0,4.3069999999999995,167.9,145.3,166.9,551.3,33.32,89.33,7.456,3.576,6.229,82.60876157
icr010159,True,0.065,0.05,4.849214538,1594.0,0.1379,612.8,3.367,177.3,151.7,138.0,442.5,59.05,49.52,6.37,2.492,6.1339999999999995,110.8740389
icr010178,True,0.04,0.01,4.7752382639999995,1653.0,0.0679,565.9,2.4330000000000003,154.2,136.6,165.6,480.4,52.39,26.4,6.2010000000000005,3.002,6.287999999999999,116.5055482
icr010179,True,0.04,0.05,3.8758649569999997,1515.0,0.0343,424.0,1.794,136.0,137.2,148.9,410.5,40.11,11.7,5.752999999999999,2.6860000000000004,6.055,135.5070674
icr010199,True,0.03,1.05,2.509634134,2081.0,0.01,279.9,1.709,82.02,96.69,80.32,330.7,45.78,4.506,6.601,1.262,5.559,248.56433019999997
icr010218,True,0.062,0.05,5.623199002000001,1477.0,0.1441,686.6,4.109,120.9,207.9,171.4,674.3,55.65,4.651,6.5329999999999995,3.6210000000000004,6.422999999999999,111.51847859999998
icr010219,True,0.046,0.05,4.8455375489999994,1523.0,0.1794,529.0,3.0869999999999997,117.3,231.2,161.7,612.4,62.76,0.747,5.596,3.4539999999999997,6.263,143.9189437
icr011824,True,0.064,1.344,3.72954074,498.2,0.19699999999999998,549.9,1.044,109.4,102.6,86.55,157.3,0.5399,36.85,5.455,1.5519999999999998,6.886,-13.81225274
icr011825,True,0.055,0.672,3.3143439580000003,593.1,0.1089,452.0,0.7977,89.42,103.6,91.88,110.5,6.91,15.96,6.287000000000001,1.047,6.6610000000000005,-11.44964907
icr011843,True,0.055,1.536,2.655000708,436.1,0.0254,313.9,0.7383,195.2,55.39,84.47,40.9,56.52,5.081,4.98,1.101,6.039,-8.961524906000001
icr011844,True,0.049,1.344,1.969498594,344.3,0.0117,238.4,0.4785,203.8,40.89,57.76,19.65,44.98,4.797,5.433,0.7609999999999999,5.87,-3.115111592
icr011863,True,0.044000000000000004,1.056,3.193113335,331.3,0.0501,448.8,0.6582,188.7,38.84,82.29,56.71,39.03,6.587000000000001,5.127999999999999,0.867,6.232,-11.85721269
icr011864,True,0.048,0.96,4.376429002,381.0,0.0423,658.1,0.8944,210.6,28.98,90.28,57.5,61.11,3.698,4.907,0.484,6.144,9.379524174
icr011881,True,0.036000000000000004,1.248,1.072425039,282.2,0.0394,130.6,0.2042,79.8,42.89,36.72,19.34,1.44,8.097000000000001,3.9010000000000002,0.5870000000000001,6.035,-17.39111241
icr011901,True,0.19399999999999998,0.672,24.42512974,279.6,1.609,3696.0,1.742,106.9,257.1,634.7,118.2,9.69,270.7,12.81,10.61,8.164,-7.001235681
icr011902,True,0.141,0.768,11.41006062,395.3,0.8842,1725.0,1.262,118.1,174.8,278.8,102.9,7.79,118.0,7.53,4.456,7.881,-19.78673199
icr011921,True,0.075,0.768,10.64533867,595.7,0.2139,1629.0,2.275,309.0,92.68,230.2,151.8,82.99,6.379,8.492,0.858,6.313,18.60512122
icr011922,True,0.11599999999999999,1.056,19.53843208,601.5,0.1736,3178.0,2.54,119.9,78.85,286.8,131.3,247.6,2.436,5.313,0.652,7.2379999999999995,11.11308152
icr011941,True,0.078,0.96,4.607565566,401.5,0.0944,613.3,0.7541,142.0,47.91,124.3,43.89,89.99,4.03,6.54,1.1520000000000001,6.705,-7.777440213999999
icr011942,True,0.081,0.672,5.102502219,394.3,0.0644,701.5,0.7965,125.4,38.26,126.6,27.71,103.7,2.399,4.053999999999999,0.907,6.871,-4.62967152
icr011960,True,0.187,0.672,11.71692953,332.1,0.7813,1653.0,1.254,155.1,279.7,295.7,83.97,67.34,109.8,14.72,6.209,7.787999999999999,-13.85296057
icr011978,True,0.042,1.1520000000000001,11.84411562,1270.0,0.3209,1404.0,10.47,103.9,77.62,553.9,381.4,11.02,0.485,7.104,0.8490000000000001,6.307,96.83428247
icr011979,True,0.048,1.248,11.59519535,1227.0,0.2188,1298.0,10.28,90.13,50.47,588.9,298.7,25.11,0.01,5.381,0.402,6.184,140.53026599999998
icr011990,True,0.303,0.8640000000000001,22.98228742,724.7,0.3028,3562.0,3.1830000000000003,236.5,86.07,431.6,127.5,318.6,12.04,9.152000000000001,1.43,7.5360000000000005,10.08098235
icr011991,True,0.401,0.28800000000000003,40.75451111,400.9,0.5746,6639.0,3.335,67.21,71.14,484.6,163.4,775.7,6.2,9.939,1.008,8.586,63.89929915
icr012008,True,0.215,0.672,11.96085654,345.1,0.5067,1985.0,1.4069999999999998,127.4,102.1,179.3,102.8,67.37,22.88,7.037000000000001,1.744,7.803999999999999,-6.919510298
icr012009,True,0.235,0.5760000000000001,28.20661474,397.8,0.6879,5050.0,2.353,62.97,72.24,299.2,139.9,68.8,4.8839999999999995,8.443999999999999,1.084,8.007,10.28735037
icr012027,True,0.20199999999999999,0.768,20.69771197,449.1,0.7676,3245.0,2.884,80.13,567.2,346.9,215.8,35.68,135.2,14.33,2.491,8.07,4.35418462
icr012028,True,0.24600000000000002,0.192,44.80869534,241.8,0.8537,8049.0,2.694,30.75,240.5,422.7,292.2,104.7,27.49,18.55,1.449,8.189,29.84786922
icr012043,True,0.036000000000000004,1.056,7.7315921670000005,1215.0,0.3943,912.6,3.395,86.22,251.6,297.9,93.2,14.52,4.224,13.0,1.8030000000000002,6.016,79.33588455
icr012044,True,0.055,3.168,6.568562491000001,1410.0,0.2623,783.8,3.1889999999999996,65.63,118.4,256.9,43.47,51.43,1.5230000000000001,19.43,0.7859999999999999,4.947,125.93528880000001
icr012063,True,0.198,0.96,51.80634096,1111.0,0.6395,7480.0,4.471,125.6,347.7,1596.0,276.4,75.21,1.676,5.652,1.2209999999999999,7.744,97.98167593
icr012064,True,0.25,0.96,51.56474837,1029.0,0.6785,7214.0,4.236000000000001,115.4,278.5,1656.0,251.4,252.2,0.688,5.225,0.775,8.09,96.39331718
icr012083,True,0.115,0.8640000000000001,9.387258862000001,372.7,0.3324,1362.0,1.1740000000000002,101.8,218.7,232.9,130.9,21.42,173.1,8.072000000000001,36.51,7.285,114.0064106
icr012084,True,0.098,0.96,8.205698759,390.4,0.3344,1158.0,0.6522,118.2,242.4,208.7,83.36,16.32,228.1,8.038,17.05,7.138,-17.10668286
icr012087,True,0.076,1.1520000000000001,8.090453287999999,830.5,0.2895,969.1,3.335,85.62,127.5,337.9,290.0,29.05,3.202,7.871,1.514,6.556,33.06946536
icr012088,True,0.055,1.1520000000000001,10.15817161,1138.0,0.3095,1212.0,3.917,97.65,67.24,455.6,252.0,37.01,0.664,8.771,1.5190000000000001,6.55,90.98460190000002
icr020848,True,0.052000000000000005,0.28800000000000003,2.138552535,242.3,0.174,289.6,0.4083,289.6,51.55,55.12,24.95,23.73,5.079,4.302,1.145,5.867999999999999,-23.65391505
icr020849,True,0.039,0.28800000000000003,1.315930312,178.9,0.0878,170.6,0.3122,127.9,26.41,34.7,5.9110000000000005,24.98,4.232,2.654,1.589,6.047000000000001,-41.25922166
icr020868,True,0.073,0.096,2.593682463,154.5,0.1243,373.0,0.3173,104.2,33.62,69.57,19.46,15.58,19.31,2.1,1.561,6.382999999999999,-5.337384105
icr020869,True,0.046,0.096,1.198995339,137.8,0.0842,148.7,0.1986,68.83,31.99,35.43,4.855,18.6,7.473,2.318,1.179,6.379,37.50756997
icr020888,True,0.065,0.48,2.175167477,414.2,0.1509,268.5,1.035,262.5,63.84,64.83,8.578,30.73,4.954,3.1489999999999996,1.1079999999999999,5.386,88.10678037
icr020889,True,0.038,1.1520000000000001,2.65369598,680.7,0.1132,330.3,1.682,133.3,41.56,88.35,7.481,38.12,1.985,2.62,0.7391,5.146,137.4885108
icr020908,True,0.087,0.28800000000000003,7.179758217000001,629.2,0.3062,1069.0,1.061,128.2,226.9,137.7,193.6,26.78,12.83,4.734,1.8659999999999999,6.638,12.64178238
icr020909,True,0.059000000000000004,0.28800000000000003,3.149613842,813.6,0.1148,431.9,0.8351,109.8,73.94,83.57,150.9,25.38,10.03,3.66,1.35,6.136,-53.92889350000001
icr020927,True,0.08900000000000001,0.192,5.7522160389999994,376.5,0.1798,875.6,1.386,151.3,81.67,131.3,190.6,18.45,15.6,3.475,1.3359999999999999,6.627999999999999,-84.06656834
icr020928,True,0.055999999999999994,0.192,3.268185972,378.7,0.0351,477.9,1.6219999999999999,121.9,49.02,79.23,154.6,22.66,3.1069999999999998,4.099,0.7352,6.461,-56.98704207
icr020947,True,0.076,0.28800000000000003,2.538276669,342.5,0.1122,343.7,0.4998,260.7,67.29,69.31,42.03,17.22,12.17,4.445,0.8304,5.723,-36.79494589
icr020948,True,0.036000000000000004,0.384,1.8374017040000001,348.1,0.0626,235.4,0.4974,119.5,35.3,51.65,12.64,32.95,3.772,4.248,1.095,5.968,-85.99939389
icr020970,True,0.075,0.384,6.038795259,307.6,0.2121,942.7,0.5509,108.5,76.54,126.3,108.0,19.72,30.59,3.7969999999999997,1.8430000000000002,6.636,-11.21729694
icr020971,True,0.055,0.28800000000000003,2.6601797680000003,370.0,0.0803,406.6,0.3718,94.04,43.99,51.88,73.05,19.76,15.92,2.2880000000000003,0.9822,6.477,-48.54372531
icr020986,True,0.059000000000000004,0.192,4.07640889,374.5,0.1271,641.2,0.6436,110.7,57.06,74.22,112.4,25.55,21.76,4.381,2.13,6.485,-99.93738898
icr020987,True,0.043,0.192,2.046011329,402.9,0.1597,295.6,0.3918,83.32,33.69,48.35,80.04,18.92,8.62,2.82,1.479,6.381,16.34969627
icr021004,True,0.091,0.192,5.133315898999999,902.8,0.2584,635.1,0.8826,143.4,143.8,180.8,174.8,22.04,6.638,5.119,1.946,6.225,92.90305752
icr021005,True,0.047,0.28800000000000003,3.957916351,778.8,0.1268,479.3,0.9666,127.9,94.9,147.9,165.4,22.17,2.053,2.641,0.7313,6.148,13.05932548
icr021023,True,0.12,0.192,4.268850669,999.8,0.2403,529.6,1.443,83.37,172.8,131.4,281.1,21.38,12.49,5.642,1.9909999999999999,6.122999999999999,-11.5393209
icr021024,True,0.052000000000000005,0.48,2.5224183069999997,1180.0,0.1327,261.9,0.987,67.08,125.1,93.14,159.7,28.34,4.209,7.417000000000001,0.6252,5.843,10.72906491
icr021043,True,0.054000000000000006,0.192,2.5415413119999997,208.6,0.0521,358.2,0.3266,232.0,34.31,67.94,35.42,23.3,28.41,7.617000000000001,1.422,5.977,-59.08182805
icr021044,True,0.039,0.384,1.4081745469999998,256.2,0.032,190.0,0.3131,162.9,25.09,39.11,13.86,16.28,19.51,1.858,1.003,5.981,-42.90024919
icr021063,True,0.095,0.28800000000000003,6.253453246,513.2,0.2435,954.9,1.179,138.9,108.0,132.9,218.8,24.01,15.37,5.891,2.416,6.417999999999999,-116.8974076
icr021064,True,0.075,0.384,2.9264847080000003,462.1,0.1041,418.2,0.8547,94.66,61.31,69.91,211.4,23.21,3.889,4.05,0.9004,6.5729999999999995,74.46774223
icr021083,True,0.040999999999999995,0.384,1.434326351,238.5,0.0226,182.0,0.2645,213.9,27.1,42.21,7.4239999999999995,24.42,6.252999999999999,4.408,0.9986,5.707999999999999,18.54703701
icr021084,True,0.034,0.384,1.230030426,459.4,0.0491,151.9,0.3976,218.2,20.07,32.81,2.041,34.05,9.937999999999999,3.1689999999999996,1.7380000000000002,5.58,-14.44719231
icr021103,True,0.068,0.384,2.7250991310000003,353.0,0.0994,361.8,0.3931,183.4,57.68,81.54,15.19,21.78,11.75,4.68,1.033,5.681,-2.4597614819999998
icr021123,True,0.079,0.192,5.659572584,265.8,0.0945,850.1,0.4875,181.3,53.04,141.2,124.8,24.49,25.09,3.275,2.186,6.291,54.14209821
icr021124,True,0.053,0.28800000000000003,3.798013327,332.5,0.0528,546.9,0.5598,205.9,41.06,103.0,110.8,24.67,16.27,2.63,1.4509999999999998,6.162999999999999,-7.699834934
icr021141,True,0.083,0.192,5.322105747,326.8,0.3098,793.6,0.6789,150.4,65.75,130.5,284.5,24.71,29.04,6.477,2.565,6.487,72.94303364
icr021142,True,0.063,0.28800000000000003,3.790614413,371.5,0.1886,551.9,0.7195,154.0,47.0,97.11,276.9,24.92,17.15,3.987,1.023,6.2829999999999995,-33.96504113
icr024868,True,0.059000000000000004,0.1,3.120075564,596.0,0.16,369.0,0.59,67.0,121.0,110.0,63.0,13.0,9.36,6.0,2.59,6.24,2.18
icr024869,True,0.018000000000000002,0.1,2.342758978,693.0,0.09,214.0,0.48,62.0,107.0,113.0,53.0,15.0,4.59,4.0,1.82,6.24,12.31
icr024879,True,0.04,0.05,4.14580996,711.0,0.09,513.0,1.02,60.0,130.0,140.0,129.0,21.0,3.92,5.0,2.38,6.42,9.83
icr024880,True,0.028999999999999998,0.1,4.703482805,971.0,0.1,525.0,1.3,62.0,137.0,197.0,111.0,23.0,2.01,4.0,1.64,6.37,43.33
icr024899,True,0.052000000000000005,0.1,4.167099195,554.0,0.13,546.0,0.41,54.0,116.0,118.0,83.0,38.0,8.18,5.0,1.75,6.12,6.04
icr024900,True,0.038,0.05,2.789316755,644.0,0.07,343.0,0.36,49.0,92.0,91.0,66.0,20.0,6.28,4.0,1.77,5.93,9.3
icr024917,True,0.06,0.15,2.508051933,352.0,0.05,259.0,0.42,113.0,75.0,102.0,18.0,41.0,4.92,3.0,2.56,5.67,7.98
icr024918,True,0.017,0.05,1.642888546,339.0,0.01,140.0,0.34,97.0,43.0,85.0,11.0,30.0,2.42,2.0,2.94,6.02,0.45
icr024937,True,0.035,0.05,3.4667914439999996,396.0,0.07,414.0,0.47,75.0,72.0,132.0,49.0,28.0,6.99,4.0,2.42,6.1,-0.66
icr024956,True,0.064,0.1,3.892922788,675.0,0.14,474.0,0.91,56.0,130.0,123.0,148.0,40.0,5.98,6.0,2.23,6.16,16.41
icr024957,True,0.033,0.2,2.499068821,989.0,0.08,179.0,0.63,66.0,109.0,143.0,100.0,33.0,3.22,7.0,2.79,5.34,30.98
icr024976,True,0.055999999999999994,0.05,3.5512708460000004,457.0,0.25,485.0,0.81,45.0,80.0,101.0,78.0,20.0,14.39,4.0,1.13,6.21,-5.94
icr024977,True,0.032,0.05,1.9608321530000001,471.0,0.04,206.0,0.62,43.0,57.0,75.0,39.0,38.0,8.18,4.0,1.13,5.74,3.94
icr024994,True,0.033,0.1,3.0688639010000003,766.0,0.09,324.0,0.74,52.0,124.0,118.0,112.0,36.0,6.2,6.0,2.6,6.16,14.92
icr024995,True,0.03,0.2,2.179476866,774.0,0.06,126.0,0.5,43.0,130.0,132.0,57.0,29.0,2.43,4.0,2.04,5.67,40.92
icr025009,True,0.043,0.1,2.113324914,458.0,0.01,233.0,0.44,127.0,56.0,89.0,53.0,16.0,6.77,4.0,1.88,5.56,27.76
icr025016,True,0.042,0.2,5.336560842,495.0,0.04,566.0,0.65,153.0,94.0,260.0,23.0,27.0,6.99,6.0,1.11,5.33,22.22
icr025017,True,0.019,1.96,2.984010801,613.0,0.01,277.0,0.67,164.0,31.0,166.0,6.0,34.0,2.7,4.0,0.49,5.09,66.69
icr025036,True,0.03,0.1,3.902104056,407.0,0.06,559.0,0.67,61.0,72.0,98.0,132.0,26.0,8.63,4.0,2.95,6.06,5.63
icr025037,True,0.035,0.05,2.293865274,408.0,0.03,312.0,0.7,50.0,48.0,65.0,96.0,17.0,4.55,3.0,0.87,6.12,2.59
icr025055,True,0.053,0.05,3.241417535,383.0,0.08,451.0,0.32,54.0,68.0,92.0,113.0,12.0,7.84,3.0,1.05,6.38,-6.06
icr025056,True,0.019,0.05,1.613311386,416.0,0.01,165.0,0.22,44.0,55.0,71.0,70.0,14.0,3.36,3.0,1.91,6.2,0.62
icr025074,True,0.05,0.1,4.589316121,583.0,0.12,537.0,0.99,72.0,165.0,162.0,194.0,33.0,8.27,6.0,3.37,6.56,10.82
icr025075,True,0.019,0.1,2.58796263,763.0,0.1,160.0,0.81,62.0,153.0,159.0,130.0,19.0,3.91,5.0,0.75,6.12,31.02
icr025092,True,0.038,0.2,3.020545116,400.0,0.06,362.0,0.38,58.0,99.0,109.0,67.0,13.0,7.73,4.0,2.25,6.43,7.19
icr025093,True,0.015,0.1,2.196998584,455.0,0.11,220.0,0.2,62.0,82.0,90.0,46.0,33.0,3.44,4.0,0.94,6.09,6.41
icr025111,True,0.024,0.1,5.347943502,525.0,0.11,741.0,0.47,68.0,131.0,143.0,71.0,29.0,8.88,5.0,2.74,6.82,6.08
icr025112,True,0.013999999999999999,0.05,3.7122073089999996,620.0,0.03,408.0,0.37,62.0,71.0,173.0,51.0,14.0,3.51,3.0,2.33,6.31,25.59
icr025135,True,0.047,0.05,5.536357928999999,461.0,0.09,866.0,0.43,55.0,96.0,111.0,127.0,10.0,9.95,5.0,1.03,6.5,-5.57
icr005998,True,0.205,0.18,10.51361216,730.7,0.5476,1344.0,1.515,174.5,240.7,366.1,124.2,35.05,17.27,11.0,1.6669999999999998,7.5489999999999995,13.61345928
icr005999,True,0.136,0.09,9.237656465,787.3,0.2145,1014.0,1.369,148.2,159.4,431.1,85.84,45.35,13.88,10.09,2.303,6.959,9.016533346000001
icr007850,True,0.04,0.95,1.6610264,558.1,0.1135,135.0,0.1916,214.5,117.1,72.26,16.72,20.55,57.42,10.59,2.365,4.613,17.80872348
icr007851,True,0.024,1.33,0.996306558,565.4,0.0354,42.61,0.1947,166.9,67.66,54.46,4.867,36.83,31.88,10.2,1.092,4.4910000000000005,17.96216485
icr007870,True,0.035,1.04,1.616884922,503.8,0.1181,81.21,0.11,228.1,129.8,92.07,11.38,27.13,28.01,9.502,2.309,4.766,8.121770523
icr007871,True,0.022000000000000002,1.43,1.459334981,591.9,0.1411,29.26,0.111,263.5,121.4,104.4,2.77,32.14,11.26,8.062999999999999,1.0270000000000001,4.914,44.05551021
icr008027,True,0.073,0.48,3.2221050389999997,428.5,0.3349,252.5,0.3979,137.0,146.7,175.5,68.79,30.82,20.78,10.78,2.582,5.86,4.683254546000001
icr008028,True,0.038,0.86,1.6546828759999999,480.4,0.1522,62.01,0.2673,151.0,86.66,119.9,23.69,30.38,8.972999999999999,9.83,1.7309999999999999,5.441,14.71401845
icr025136,True,0.024,0.05,6.705911205,446.0,0.11,1123.0,0.39,51.0,74.0,97.0,112.0,23.0,7.13,7.0,2.12,7.01,4.23
icr006086,True,0.08199999999999999,0.18,8.835561624,642.8,0.602,1161.0,1.338,125.7,204.0,289.4,148.0,26.93,15.29,10.76,3.463,7.0920000000000005,-0.295355656
icr006122,True,0.067,0.36,5.345854188000001,745.8,0.281,496.5,0.6692,89.03,135.7,275.8,76.33,54.5,7.957000000000001,9.404,3.5260000000000002,6.646,5.732593242999999
icr006142,True,0.14400000000000002,0.36,10.16658591,485.1,0.8069,1501.0,1.0,146.5,296.4,220.0,91.13,19.63,34.39,17.53,3.228,6.731,-25.78279723
icr006143,True,0.11699999999999999,0.45,7.67445761,486.8,0.5619,1042.0,1.196,121.0,251.8,202.8,64.35,33.22,23.06,17.88,1.7069999999999999,7.024,-21.49023455
icr006179,True,0.11,0.45,10.28735795,685.7,0.6999,1035.0,1.535,138.1,281.7,516.0,104.5,29.31,11.39,10.35,4.031000000000001,7.122000000000001,1.613042387
icr006180,True,0.10400000000000001,0.36,11.35119245,634.0,0.6479,1159.0,1.33,150.4,281.1,570.3,87.33,28.53,13.56,10.65,4.276,6.912000000000001,3.6016774789999997
icr006493,True,0.07200000000000001,0.45,7.007292289,1070.0,0.7579,804.5,1.694,83.66,339.6,239.0,87.07,32.44,2.905,12.95,1.365,6.087000000000001,44.32566125
icr006530,True,0.095,0.18,7.0894315379999995,1070.0,0.7889,707.3,2.823,66.74,630.5,220.1,138.8,27.92,4.157,10.05,1.571,7.225,23.05494146
icr006606,True,0.064,0.59,4.092504756,1157.0,0.4274,287.5,1.764,147.3,426.6,169.3,31.74,37.9,10.38,16.61,1.953,5.266,36.2855303
icr006607,True,0.064,1.94,3.2051309530000003,1261.0,0.5006,238.5,1.4480000000000002,89.31,329.4,121.5,11.22,38.19,4.237,37.49,1.7280000000000002,4.685,91.38820013
icr006685,True,0.063,0.54,6.814211061,1055.0,0.6919,626.7,1.865,90.69,419.1,295.4,119.6,38.53,3.609,9.718,2.253,6.38,22.30202658
icr006705,True,0.098,0.68,6.580137896,1308.0,0.5305,625.2,0.9912,117.4,464.2,257.6,89.46,31.74,4.303999999999999,17.31,2.8819999999999997,5.757000000000001,83.99814631
icr007911,True,0.032,0.57,5.365574243,1297.0,0.2109,469.4,0.8815,137.4,243.9,268.0,34.87,41.38,4.581,9.062999999999999,1.153,5.537000000000001,67.00524534
icr007928,True,0.07400000000000001,0.28,12.79093686,786.8,0.6116,1709.0,0.2432,256.1,178.8,446.5,38.87,22.67,22.82,12.03,2.384,6.057,30.040132500000002
