SSN,Public,Na,Mg,Al,P,S,Cl,K,Ca,Sc,Ti,V,Cr,Mn,Fe,Co,Ni,Cu,Zn,Ga,As,Se,Br,Rb,Sr,Y,Zr,Mo,Ba,La,Ce,Pr,Nd,Sm,Hf,Ta,W,Hg,Pb,Bi,Th
icr005965,True,16023.3,4433.5,37618.6,84.4,45.7,268.1,12412.2,30705.6,4.4,2168.3,37.0,34.3,356.1,22263.2,0.7,10.4,10.1,25.3,13.0,0.3,885.0,0.2,38.2,403.5,9.1,24.7,184.5,2276.9,667.3,62.3,0.9,14.7,14.0,0.9,2.5,0.2,4.9,3.9,0.1,13.4
icr005966,True,20524.6,5832.2,40248.2,72.1,45.7,229.6,12892.2,23234.5,4.4,2399.4,42.6,38.1,379.7,26269.6,0.7,13.8,11.8,29.4,15.2,0.3,886.3,0.2,48.3,430.6,8.5,24.7,184.5,2377.6,845.4,76.7,1.1,15.8,18.2,0.5,3.2,0.2,4.2,3.3,0.1,19.9
icr005985,True,19350.4,5085.8,36766.3,50.6,45.7,157.3,16839.7,16746.2,4.4,1761.2,30.5,88.3,323.4,22790.2,0.7,42.7,22.1,32.4,13.1,0.3,882.4,0.2,57.3,232.7,5.6,24.7,184.5,2935.5,764.1,73.2,1.2,19.2,14.1,0.8,2.0,1.2,2.6,12.0,0.1,17.9
icr005986,True,17410.2,5271.2,37912.2,50.6,45.7,285.2,16818.0,31939.6,4.4,1768.5,27.3,84.3,332.5,22939.1,0.7,52.3,24.9,34.4,13.7,0.3,885.6,0.2,56.4,251.3,6.4,24.7,184.5,3015.7,742.2,76.3,1.1,16.7,12.6,0.3,1.2,0.5,6.3,10.2,0.1,16.5
icr005998,True,19092.5,9169.8,37359.8,50.6,45.7,251.4,17577.9,25298.2,4.4,2397.6,44.7,60.2,408.3,24985.2,0.7,11.9,13.1,35.4,13.8,0.3,881.7,0.2,60.2,441.8,7.8,23.3,184.5,2069.5,789.5,66.0,1.1,16.7,17.2,0.5,3.2,0.4,4.2,5.6,0.1,18.4
icr005999,True,19400.2,10320.1,41038.2,67.3,45.7,251.3,18143.2,27014.2,4.4,2704.4,49.4,67.6,438.3,28744.5,0.7,12.5,14.3,38.2,15.2,0.3,884.3,0.2,66.8,484.4,8.6,38.1,184.5,2180.8,901.1,70.5,0.7,18.5,20.3,0.7,3.3,0.2,4.7,7.4,0.1,21.7
icr006015,True,22386.6,5575.0,40714.8,50.6,45.7,234.4,20271.8,14624.5,4.4,2094.5,35.4,33.8,355.9,21403.7,0.7,9.1,12.5,26.6,12.6,0.3,885.0,0.2,69.8,290.4,7.4,24.7,184.5,2274.5,701.7,62.4,0.7,11.7,14.6,0.3,3.7,0.8,1.2,7.3,0.1,12.0
icr006016,True,16549.1,5575.0,40376.9,50.6,45.7,153.4,18912.7,13512.0,4.4,2271.7,37.7,34.4,411.3,23566.5,0.7,10.3,13.8,28.4,13.1,0.3,885.0,0.2,72.7,271.4,7.6,24.7,184.5,3014.7,775.3,68.8,0.7,10.3,17.7,0.2,3.3,1.0,1.3,8.9,0.1,15.3
icr006035,True,24322.4,5575.0,33151.3,50.6,45.7,110.3,22447.7,14396.7,4.4,1577.4,28.0,25.9,256.5,14527.0,0.7,5.0,6.1,16.6,11.5,0.3,883.7,0.2,63.5,278.7,6.4,24.7,184.5,2486.5,402.0,36.0,0.7,7.6,9.1,1.4,2.6,0.5,0.4,14.5,0.1,3.2
icr006036,True,21321.9,5575.0,39965.6,50.6,45.7,108.6,22432.9,14900.7,4.4,1964.8,35.0,34.6,324.0,20067.9,0.7,7.9,8.5,21.5,13.8,0.3,885.0,0.2,78.1,288.3,7.1,24.7,184.5,2348.0,604.2,54.2,1.2,8.6,14.1,1.2,3.4,1.0,1.1,11.2,0.1,8.8
icr006055,True,20870.3,8496.6,40296.7,50.6,45.7,213.0,24017.9,11253.1,4.4,2203.7,36.2,129.9,396.3,25257.5,0.7,52.4,13.6,34.8,14.1,0.3,885.0,0.2,100.0,276.4,6.9,24.7,184.5,3146.3,877.0,78.3,1.7,26.6,15.7,0.2,2.6,2.3,1.0,12.2,0.1,17.3
icr006056,True,18305.7,8407.1,43714.5,50.6,45.7,242.1,24540.7,12111.4,4.4,2318.7,37.3,116.9,383.7,25806.5,0.7,51.7,14.5,32.9,13.6,0.3,881.7,0.2,97.5,264.5,7.3,24.7,184.5,3196.1,893.2,78.9,1.2,24.2,16.4,0.3,2.6,2.4,1.2,10.6,0.1,17.5
icr006076,True,18033.4,8416.2,41403.6,50.6,45.7,335.2,21152.7,22336.1,4.4,2652.3,43.0,23.2,475.0,28302.2,0.7,5.7,15.0,47.3,13.0,0.3,881.7,0.2,83.7,413.4,8.9,24.7,184.5,2424.4,898.8,80.3,0.8,12.8,21.3,0.5,3.6,1.0,3.9,10.3,0.1,23.1
icr006077,True,17615.0,12855.0,46209.6,57.8,45.7,434.0,24575.3,23092.8,4.4,2984.3,46.2,25.0,523.3,32121.7,0.7,6.7,16.8,54.7,14.2,0.3,881.7,0.2,99.3,451.1,8.6,24.7,184.5,3321.6,1062.8,96.9,0.9,19.1,23.8,0.8,4.3,1.5,4.3,15.5,0.1,28.9
icr006085,True,21831.1,5042.2,41527.2,50.6,45.7,178.9,21611.7,20528.0,4.4,2095.2,31.9,29.6,473.7,19918.6,0.7,5.7,11.0,29.2,14.1,0.3,881.7,0.2,81.5,293.0,12.2,24.7,184.5,1918.8,562.4,52.4,0.9,8.9,13.3,2.3,3.0,0.4,1.8,16.7,0.1,9.7
icr006086,True,22213.3,5289.6,40208.6,50.6,45.7,279.5,23006.9,20588.2,4.4,2107.3,34.3,28.6,417.0,20746.4,0.7,6.1,11.2,30.7,13.5,0.3,889.5,0.2,80.7,336.8,14.1,24.7,184.5,2622.2,592.6,52.1,0.7,8.6,13.6,1.6,3.1,0.6,1.9,12.7,0.1,9.2
icr006101,True,19246.8,5428.6,46385.9,50.6,45.7,180.1,22718.3,18538.4,4.4,2060.2,35.3,36.4,371.8,25069.1,0.7,10.2,11.0,29.2,14.5,0.3,882.4,0.2,78.0,330.8,7.6,24.7,184.5,2920.3,757.1,68.5,0.7,14.2,18.3,0.8,3.3,1.0,2.1,9.8,0.1,14.3
icr006102,True,22165.8,5575.0,41730.7,63.4,45.7,148.3,21523.9,19729.1,4.4,2139.6,36.8,37.5,381.2,27429.3,0.7,9.6,11.6,28.3,13.9,0.3,883.7,0.2,76.9,338.9,9.2,27.5,184.5,2828.6,835.2,73.0,1.3,9.0,21.4,1.9,3.5,1.4,2.8,12.6,0.1,19.4
icr006121,True,24718.0,5575.0,38149.2,50.6,45.7,164.4,17013.8,15361.3,4.4,1369.1,22.4,19.4,219.0,14034.8,0.7,4.2,5.4,17.7,13.2,0.3,886.3,0.2,46.1,407.7,4.7,24.7,184.5,3624.3,384.4,40.2,1.5,10.6,8.4,2.2,2.4,0.2,0.5,11.4,0.1,3.0
icr006122,True,22342.9,5575.0,32059.8,50.6,45.7,134.7,15405.6,13097.7,4.4,1477.7,25.2,21.3,209.6,15682.7,0.7,5.1,5.9,20.1,14.5,0.3,885.0,0.2,51.9,400.7,4.5,22.5,184.5,2946.0,478.5,50.2,1.3,7.4,10.8,2.8,2.2,0.2,0.4,14.0,0.1,4.1
icr006142,True,19561.3,5679.6,33565.6,50.6,45.7,256.0,16200.1,18962.3,4.4,2070.9,35.3,31.0,365.8,19424.1,0.7,13.0,9.0,31.0,10.7,0.3,884.3,0.2,47.4,319.0,4.6,24.7,184.5,2311.8,584.9,48.2,0.7,8.5,12.0,0.3,2.5,0.2,2.1,7.1,0.1,9.2
icr006143,True,18915.5,8052.8,38090.8,61.2,45.7,215.7,17006.5,18929.9,4.4,2184.6,30.0,36.3,409.3,21157.6,0.7,15.5,11.0,33.0,11.6,0.3,883.0,0.2,52.4,318.4,5.3,24.7,184.5,3349.0,600.1,35.3,1.3,8.2,14.4,0.2,2.5,0.3,2.6,2.7,0.1,11.7
icr006152,True,19546.1,5770.4,34554.5,50.6,45.7,287.8,18757.8,21282.9,4.4,2051.3,34.5,44.5,343.7,21223.6,0.7,7.3,9.8,30.6,12.5,0.3,882.4,0.2,57.6,315.5,6.5,24.7,184.5,3725.4,565.1,27.3,1.6,5.8,15.3,0.7,3.0,0.3,2.3,3.6,0.1,9.7
icr006153,True,19959.6,8761.7,36404.7,119.5,45.7,315.1,18179.1,18331.5,4.4,2096.9,32.5,40.4,297.3,21892.4,0.7,7.7,10.2,31.8,12.6,0.3,881.1,0.2,61.9,275.3,7.1,31.1,184.5,3521.1,597.1,25.7,1.7,4.4,16.9,0.6,2.7,0.3,2.0,4.0,0.1,10.5
icr006164,True,19880.8,8026.4,43624.9,50.6,45.7,382.7,17337.8,30984.8,4.4,2411.3,37.5,33.1,506.1,26670.2,0.7,6.6,9.9,41.1,13.9,0.3,885.6,0.2,60.0,416.2,9.6,24.7,184.5,3408.8,693.0,44.2,1.5,8.9,19.3,0.9,3.2,0.2,5.7,8.0,0.1,16.6
icr006165,True,20300.9,9006.5,41119.2,145.8,45.7,393.8,15622.4,28722.7,4.4,2535.3,42.2,33.3,480.4,28173.2,0.7,6.7,9.0,41.2,14.3,0.3,878.5,0.2,60.5,425.6,8.5,24.7,184.5,3090.7,784.3,44.7,1.3,9.0,22.5,0.3,3.4,0.2,5.4,9.0,0.1,20.5
icr006179,True,17074.8,49346.9,37627.5,267.1,45.7,429.0,24340.7,32746.3,4.4,2141.5,57.5,526.9,727.7,36647.8,0.7,97.1,14.5,43.9,11.4,0.3,881.1,0.2,108.5,406.6,7.4,28.6,184.5,3202.1,1012.3,41.3,1.0,28.1,20.8,0.2,1.1,3.6,8.0,10.0,0.1,36.7
icr006180,True,17660.6,61892.3,40269.5,209.8,45.7,422.8,25270.8,34935.0,4.4,2253.7,60.6,555.8,747.3,39244.1,0.7,102.9,23.5,46.3,11.6,0.3,884.3,0.2,118.7,414.6,8.6,44.5,184.5,3340.5,1061.2,40.4,1.2,33.0,22.0,0.2,0.5,3.9,8.5,9.3,0.1,40.5
icr006454,True,17411.2,5575.0,23369.6,50.6,45.7,116.2,15926.0,4483.2,4.4,1353.9,10.0,41.5,201.0,11686.5,0.7,17.9,9.8,20.3,5.4,0.3,881.1,1.2,43.6,100.8,3.3,24.7,184.5,1153.6,351.9,26.8,0.7,7.0,6.9,0.2,1.9,0.2,0.2,4.4,0.1,2.1
icr006455,True,16567.7,4032.6,28741.7,50.6,45.7,200.7,20421.4,9015.5,4.4,1863.4,11.4,65.9,256.6,15915.4,0.7,25.1,12.4,26.6,7.8,0.3,879.8,3.8,57.6,128.2,4.1,24.7,184.5,1464.8,477.3,32.4,0.8,8.1,9.5,0.4,1.7,0.9,0.3,8.8,0.1,5.3
icr006474,True,21736.7,5575.0,24137.4,50.6,45.7,117.7,12817.2,899.8,4.4,1233.5,14.3,57.9,79.2,8879.9,0.7,10.2,9.3,14.4,5.9,0.3,884.3,1.2,36.5,53.5,3.2,24.7,184.5,1644.2,289.1,14.9,0.8,3.7,5.7,0.7,1.5,0.3,0.2,8.3,0.1,2.4
icr006475,True,23219.4,5575.0,31450.0,50.6,45.7,210.2,12991.3,944.1,4.4,1769.1,16.7,74.4,81.9,12501.3,0.7,14.6,13.0,22.0,8.5,0.3,883.7,2.2,44.4,53.9,4.4,24.7,184.5,1482.1,418.2,22.5,0.9,3.7,8.4,0.4,2.1,0.4,0.2,9.1,0.1,2.9
icr006492,True,19660.2,5575.0,35632.9,50.6,45.7,103.3,22145.6,7651.7,4.4,1474.7,20.4,65.3,193.8,14894.0,0.7,19.8,14.4,21.6,10.1,0.3,883.7,0.8,62.2,202.9,5.8,24.7,184.5,3295.5,456.3,32.9,1.1,8.7,8.5,2.0,1.8,1.3,0.2,12.4,0.1,4.0
icr006493,True,18326.0,5575.0,38855.5,50.6,45.7,172.1,20828.8,6770.2,4.4,1708.3,24.8,70.0,199.1,17699.0,0.7,23.3,16.9,23.3,11.4,0.3,886.3,0.9,68.7,182.9,5.1,24.7,184.5,2979.2,561.7,45.1,1.1,10.9,11.9,1.1,2.1,1.4,0.2,8.6,0.1,6.9
icr006510,True,19134.2,5575.0,27115.5,50.6,45.7,466.2,11791.0,4386.9,4.4,1475.8,11.9,107.9,173.5,9902.1,0.7,30.9,9.4,17.3,7.0,0.3,883.0,0.9,32.8,93.1,3.5,24.7,184.5,2090.4,319.5,15.2,1.1,9.4,4.3,1.5,1.1,0.2,0.2,6.5,0.1,1.7
icr006511,True,20236.1,5575.0,31849.0,50.6,45.7,249.8,9932.7,2914.7,4.4,1635.5,12.1,111.3,114.5,12022.9,0.7,36.4,10.3,19.3,8.6,0.3,883.7,0.6,37.7,73.9,3.3,24.7,184.5,1604.1,399.9,17.6,0.8,8.9,6.6,0.3,1.4,0.2,0.2,4.6,0.1,2.8
icr006530,True,18174.9,5575.0,31044.5,50.6,45.7,158.3,9818.4,1482.6,4.4,2009.2,15.9,63.3,200.0,16239.2,0.7,27.5,16.5,18.5,7.7,0.3,883.7,1.2,42.4,47.7,3.8,24.7,184.5,1243.2,556.0,37.7,0.7,11.8,10.8,0.4,2.0,0.5,0.2,7.7,0.2,7.9
icr006531,True,21265.0,5575.0,42855.1,50.6,45.7,279.4,11487.8,1464.1,4.4,2653.2,21.6,87.2,234.1,22779.5,0.7,38.6,22.1,24.4,11.2,0.3,886.9,1.6,57.0,56.8,4.8,24.7,184.5,1759.5,799.0,48.9,0.8,9.0,15.5,0.3,2.9,1.1,0.2,9.6,0.1,14.5
icr006550,True,19227.4,5575.0,36823.9,50.6,45.7,139.7,14767.5,3053.0,4.4,2087.1,15.3,85.9,259.2,18081.0,0.7,34.5,15.6,28.6,8.4,0.3,881.1,1.8,58.4,64.5,5.2,24.7,184.5,1730.0,610.9,37.2,0.8,12.7,11.7,0.2,2.7,0.4,0.2,10.7,0.1,7.2
icr006551,True,19840.6,5575.0,37262.0,50.6,45.7,135.9,14415.1,3028.0,4.4,2234.9,17.2,92.8,258.2,19464.1,0.7,36.8,16.6,31.1,9.2,0.3,885.6,2.2,60.6,61.1,4.9,24.7,184.5,1562.3,646.5,42.5,0.7,11.8,12.8,0.2,2.7,0.3,0.2,6.7,0.1,8.7
icr006570,True,21362.1,5575.0,22707.1,50.6,45.7,122.5,12201.6,1790.1,4.4,1094.4,12.2,55.9,132.6,9135.1,0.7,15.5,7.7,13.4,4.4,0.3,884.3,0.9,30.1,68.7,2.9,24.7,184.5,2782.3,275.8,19.0,0.9,5.2,5.2,0.6,1.5,0.2,0.2,5.8,0.1,1.0
icr006571,True,20457.1,5575.0,28167.2,50.6,45.7,168.0,13012.3,2300.6,4.4,1689.5,15.3,65.4,173.2,13695.4,0.7,23.9,10.6,18.5,6.7,0.3,885.6,2.0,41.0,73.8,3.3,24.7,184.5,2193.4,443.4,28.6,0.9,6.4,7.9,0.6,2.0,0.3,0.2,8.8,0.1,3.4
icr006586,True,18947.6,5519.1,39203.4,50.6,45.7,152.6,15173.5,9301.0,4.4,2543.3,31.2,105.7,422.4,24094.6,0.7,44.5,18.4,38.5,12.1,0.3,886.9,0.9,56.9,163.0,5.9,24.7,184.5,1963.8,810.4,58.0,0.9,15.6,15.2,1.1,2.5,0.9,1.1,5.6,0.1,17.7
icr006587,True,16962.8,5891.8,43565.1,64.5,45.7,184.3,15931.6,6799.7,4.4,3091.2,36.0,133.3,480.0,29673.1,0.7,55.4,22.4,45.8,13.3,0.3,886.9,1.4,73.5,119.2,5.7,37.2,184.5,1611.6,1034.9,65.5,0.9,20.7,20.0,0.6,2.7,1.5,0.5,9.7,0.1,27.4
icr006606,True,20963.8,5575.0,25551.6,50.6,45.7,247.6,8627.1,1184.8,4.4,1495.4,10.5,49.4,79.2,9599.4,0.7,17.5,11.4,17.3,7.2,0.3,886.3,1.2,30.4,44.7,3.6,24.7,184.5,1242.2,321.2,18.7,0.7,5.2,5.7,1.0,1.4,0.3,0.2,4.1,0.1,1.6
icr006607,True,20829.6,5575.0,33110.1,50.6,45.7,245.8,7876.2,913.1,4.4,1812.2,13.4,54.8,54.4,11897.2,0.7,23.1,13.7,17.7,9.8,0.3,882.4,1.9,34.5,40.0,4.3,24.7,184.5,1034.3,409.9,21.4,0.7,1.9,7.4,0.6,1.3,0.3,0.2,5.6,0.1,2.8
icr006626,True,23625.9,5575.0,31013.5,50.6,45.7,149.2,16345.4,6723.5,4.4,1395.7,14.7,55.3,120.1,10916.5,0.7,13.5,7.6,16.4,8.0,0.3,887.6,0.3,30.6,234.8,3.6,24.7,184.5,4195.6,334.3,20.7,1.1,5.6,6.2,2.4,1.8,0.2,0.2,10.1,0.1,1.5
icr006627,True,19514.3,5575.0,37843.7,50.6,45.7,211.1,14464.6,5961.5,4.4,2115.7,18.9,60.8,135.7,15934.1,0.7,24.9,10.7,22.5,10.6,0.3,886.9,1.5,42.9,198.4,4.3,24.7,184.5,2557.6,555.9,30.6,1.0,7.9,10.7,1.1,2.3,0.4,0.2,7.9,0.1,5.8
icr006646,True,19764.8,5575.0,32791.3,50.6,45.7,206.2,13622.3,1214.1,4.4,1828.7,17.0,77.6,114.6,14657.9,0.7,23.8,14.0,19.7,8.4,0.3,885.6,1.9,44.1,66.7,3.9,24.7,184.5,1586.8,486.1,25.9,0.9,6.8,10.3,0.5,2.2,0.5,0.2,12.9,0.1,4.2
icr006647,True,20580.9,5575.0,35766.7,50.6,45.7,222.2,12815.1,1074.0,4.4,1919.0,18.8,82.2,112.6,16151.8,0.7,26.2,12.9,20.5,9.4,0.3,883.7,1.9,45.8,63.3,9.4,24.7,184.5,1829.6,523.2,28.5,0.9,4.0,10.8,0.5,2.1,0.5,0.2,15.6,0.1,4.9
icr006666,True,18055.9,5575.0,28331.7,50.6,45.7,190.5,7496.3,762.8,4.4,1755.0,18.9,81.7,112.8,15458.6,0.7,25.3,13.3,17.3,7.3,0.3,883.0,1.4,27.5,39.9,3.3,24.7,184.5,1314.8,512.1,28.4,0.7,7.1,11.1,0.3,2.2,0.3,0.2,9.1,0.1,5.7
icr006667,True,20196.5,5575.0,30638.8,50.6,45.7,191.7,7119.7,695.5,4.4,1898.3,20.0,89.7,124.5,16995.6,0.7,27.6,13.5,16.9,8.2,0.3,887.6,1.4,28.4,39.0,4.0,24.7,184.5,1216.9,572.2,29.9,0.6,7.7,12.5,0.3,2.3,0.3,0.2,4.9,0.1,7.4
icr006684,True,18336.9,5575.0,27170.2,50.6,45.7,187.6,9897.1,7565.2,4.4,1870.9,24.9,49.1,252.9,15419.0,0.7,16.9,11.9,17.4,7.6,0.3,887.6,0.2,28.0,135.7,5.1,24.7,184.5,1613.1,468.5,30.4,0.7,6.7,10.0,1.2,2.0,0.2,0.2,6.4,0.1,5.3
icr006685,True,20863.3,5575.0,30852.0,50.6,45.7,210.3,10149.2,7862.1,4.4,2063.1,31.1,64.2,280.3,20807.8,0.7,23.2,15.6,21.0,9.1,0.3,885.6,0.2,35.4,129.6,4.8,24.7,184.5,2003.9,646.3,33.0,0.8,9.4,14.9,0.7,2.2,0.2,0.3,1.2,0.1,10.1
icr006704,True,20406.9,5575.0,33456.9,50.6,45.7,122.5,14261.7,7644.6,4.4,1917.1,17.8,54.9,256.6,16781.3,0.7,18.7,11.2,22.1,10.9,0.3,886.9,0.2,38.0,281.3,6.9,34.0,184.5,1854.7,552.0,52.1,0.7,8.1,10.1,5.4,2.7,0.2,0.4,11.0,0.1,9.2
icr006705,True,19252.4,5575.0,37648.4,50.6,45.7,128.6,12276.8,6175.0,4.4,2515.0,23.1,64.0,249.2,22741.4,0.7,25.0,13.1,27.2,12.4,0.3,883.7,0.3,49.7,235.6,7.9,78.4,184.5,1630.6,826.9,70.7,0.7,10.7,15.8,6.2,3.2,0.3,0.2,6.1,0.1,14.0
icr006724,True,19755.3,5575.0,27344.5,50.6,45.7,221.9,8381.2,997.1,4.4,1859.0,12.8,92.0,89.7,11255.0,0.7,27.9,13.0,15.0,8.2,0.3,881.7,2.0,30.2,47.0,3.4,24.7,184.5,1312.5,389.7,19.0,0.7,4.7,6.4,1.1,1.3,0.3,0.2,4.1,0.1,2.0
icr006725,True,20810.1,5575.0,34103.0,50.6,45.7,279.8,8137.6,912.9,4.4,2174.8,13.8,91.9,81.0,12877.7,0.7,36.7,15.0,17.2,10.4,0.3,884.3,1.9,34.8,47.4,4.1,24.7,184.5,1374.1,450.9,20.0,0.6,4.5,7.4,1.3,1.3,0.4,0.2,6.4,0.1,3.0
icr006744,True,22314.1,5575.0,28276.6,50.6,45.7,97.4,28079.2,4344.6,4.4,813.7,10.1,42.7,83.0,6075.6,0.7,10.5,3.8,9.7,8.3,0.3,886.9,0.2,61.8,180.5,2.2,24.7,184.5,4255.9,157.6,10.1,0.7,3.2,1.8,1.9,1.1,0.4,0.2,20.7,0.1,0.4
icr006745,True,21990.6,5575.0,29062.3,50.6,45.7,100.8,26626.5,3580.3,4.4,935.1,11.1,48.4,49.5,7165.1,0.7,13.3,4.4,11.5,8.9,0.3,883.7,0.8,64.8,160.0,1.8,24.7,184.5,3906.6,189.9,10.0,0.7,2.6,2.8,1.5,1.4,0.5,0.2,19.2,0.1,0.8
icr007730,True,17965.0,5575.0,48502.7,50.6,45.7,101.7,24523.2,3737.1,4.4,2460.9,23.5,47.3,256.0,20145.3,0.7,23.8,9.2,19.8,11.2,0.3,883.0,7.2,78.4,165.8,7.5,24.7,184.5,3434.9,608.3,72.5,0.8,6.9,11.8,4.4,3.2,1.4,0.2,21.5,0.1,7.6
icr007731,True,16327.5,5575.0,47428.4,50.6,45.7,156.4,19363.8,2645.7,4.4,2360.3,19.4,48.6,186.5,21055.0,0.7,26.7,8.6,19.3,12.0,0.3,883.7,4.9,74.8,123.4,8.4,24.7,184.5,2669.3,611.0,59.4,0.7,10.0,14.2,4.3,2.5,1.1,0.2,20.1,0.1,9.0
icr007750,True,22753.5,5575.0,38567.5,50.6,45.7,147.4,18140.9,9034.5,4.4,1502.6,14.4,13.0,262.6,10255.0,0.7,6.5,7.3,14.5,9.1,0.3,883.0,5.1,44.6,187.7,5.2,24.7,184.5,3295.4,252.1,35.5,1.2,7.6,3.7,3.9,2.1,0.2,0.4,20.3,0.1,2.7
icr007751,True,22914.1,5575.0,35828.2,50.6,45.7,85.2,16550.5,8382.5,4.4,1381.1,13.7,14.8,184.9,10282.6,0.7,6.6,7.2,13.3,9.4,0.3,885.0,6.2,41.7,177.0,4.6,24.7,184.5,2724.7,249.3,33.5,1.1,3.2,5.0,2.9,2.0,0.2,0.4,18.7,0.1,2.8
icr007770,True,21123.1,5575.0,33526.7,50.6,45.7,62.1,15423.0,7107.2,4.4,1136.9,12.0,13.8,77.2,7216.2,0.7,5.7,3.8,14.5,8.5,0.3,886.3,4.1,34.1,162.6,4.7,24.7,184.5,2904.2,193.7,23.7,0.8,3.9,2.8,2.4,1.5,0.2,0.2,19.0,0.1,2.8
icr007771,True,22212.0,5575.0,27858.1,50.6,45.7,55.6,13223.5,6162.1,4.4,843.6,7.2,10.4,35.0,5415.7,0.7,4.1,2.8,10.7,7.4,0.3,883.0,2.1,27.5,155.1,3.6,24.7,184.5,2522.8,126.1,13.6,0.8,3.3,1.8,2.3,1.0,0.2,0.2,15.3,0.1,1.9
icr007790,True,19506.1,5575.0,49357.2,50.6,45.7,94.4,19363.7,5398.2,4.4,2957.9,24.3,27.9,292.3,23459.5,0.7,16.8,15.1,31.2,11.7,0.3,885.0,10.1,81.8,137.9,7.1,23.0,184.5,2815.9,696.8,58.1,1.1,6.0,14.6,3.9,3.5,0.7,0.2,18.9,0.1,12.0
icr007791,True,18406.9,5575.0,54317.0,50.6,45.7,147.2,18073.5,4660.3,4.4,3109.1,26.1,32.0,271.9,26968.8,0.7,20.0,16.6,36.0,12.5,0.3,886.9,9.7,89.8,122.9,7.4,24.7,184.5,2604.7,812.8,65.8,0.8,6.8,18.4,2.1,4.0,0.6,0.2,22.2,0.1,16.9
icr007810,True,19120.0,5575.0,63019.8,50.6,45.7,91.4,21267.4,7704.9,4.4,2795.8,33.4,56.3,249.6,27586.3,0.7,25.3,15.1,33.3,15.7,0.3,886.3,11.3,105.3,150.9,9.1,24.7,184.5,3095.6,816.0,83.3,0.8,5.3,18.5,2.4,3.8,1.8,0.4,26.6,0.1,18.0
icr007811,True,15848.8,5575.0,62932.8,47.1,45.7,103.1,17921.3,4902.0,4.4,2839.2,33.2,63.4,184.3,29622.7,0.7,29.4,14.3,31.2,16.7,0.3,877.8,13.9,104.6,114.2,6.8,24.7,184.5,3054.2,874.4,79.1,0.7,6.1,21.0,1.3,3.4,0.8,0.2,26.2,0.1,19.8
icr007830,True,18451.9,5575.0,53688.2,50.6,45.7,73.3,6854.8,11251.6,4.4,4127.4,30.3,26.1,171.0,25677.8,0.7,16.4,10.3,20.2,15.2,0.3,878.5,17.8,47.8,178.6,8.0,39.9,184.5,861.5,838.0,70.3,1.0,5.1,17.1,4.7,3.1,0.2,1.7,11.1,0.4,18.4
icr007831,True,19836.8,5575.0,59886.4,56.3,45.7,103.6,6745.5,9868.7,4.4,4055.0,37.1,30.8,132.8,30096.8,0.7,21.4,11.6,23.2,17.9,0.3,886.9,27.7,54.0,166.7,8.9,32.4,184.5,1235.6,995.4,81.2,1.2,10.4,22.2,3.3,2.9,0.2,1.1,14.0,0.4,24.7
icr007850,True,20582.6,5575.0,26507.4,50.6,45.7,100.2,22077.9,4913.2,4.4,911.2,4.3,3.0,48.6,3612.4,0.7,1.0,2.0,11.1,5.9,0.3,885.0,0.8,45.7,160.6,2.3,24.7,184.5,3021.3,84.5,9.7,0.8,2.7,0.9,4.6,1.0,0.2,0.2,18.6,0.2,1.7
icr007851,True,22347.1,5575.0,25646.3,50.6,45.7,97.1,21832.9,4746.0,4.4,878.8,5.5,2.0,35.1,3729.5,0.7,1.1,1.8,10.2,6.0,0.3,882.4,0.9,47.3,160.8,2.1,24.7,184.5,3002.6,90.4,10.0,0.6,1.7,0.7,4.7,1.0,0.2,0.2,18.4,0.1,1.8
icr007870,True,21798.7,5575.0,17172.8,50.6,45.7,138.1,10740.0,3441.2,4.4,875.7,3.7,6.6,39.1,3335.8,0.7,2.1,2.5,10.5,3.9,0.3,882.4,1.2,20.4,97.7,0.8,24.7,184.5,1650.7,64.6,6.0,0.7,1.2,0.9,3.4,0.5,0.2,0.2,9.7,0.2,1.5
icr007871,True,22728.3,5575.0,19412.1,49.8,45.7,147.8,11242.3,3319.6,4.4,1012.7,4.8,10.2,29.8,4230.4,0.7,2.2,3.3,11.3,4.3,0.3,881.7,1.3,23.7,97.0,1.2,24.7,184.5,1674.1,84.1,5.6,0.7,1.5,1.0,3.6,0.7,0.2,0.2,9.8,0.2,2.0
icr007890,True,20142.7,5575.0,57530.8,70.7,45.7,136.4,8388.3,7484.9,4.4,3218.8,37.8,52.1,367.9,29549.6,0.7,25.4,16.2,32.0,15.7,0.3,885.0,9.5,55.8,159.3,8.6,24.7,184.5,2119.7,925.1,74.5,1.1,14.8,21.1,0.7,2.9,0.2,0.5,20.0,0.1,19.6
icr007891,True,15978.3,5575.0,59411.0,72.1,45.7,128.1,8443.4,8456.5,4.4,3344.2,44.1,50.1,470.1,32684.4,0.7,25.7,18.0,34.1,16.1,0.3,883.0,11.2,60.0,179.7,9.5,31.2,184.5,2250.1,1018.0,86.2,0.8,10.5,24.7,0.9,3.2,0.2,1.0,23.4,0.1,26.1
icr007910,True,23504.0,5575.0,46787.2,50.6,45.7,61.6,38783.4,4256.3,4.4,2622.1,23.0,21.2,263.2,17479.4,0.7,8.0,9.1,24.2,12.4,0.3,883.0,6.1,112.4,281.9,5.5,24.7,184.5,5083.9,484.9,63.5,0.9,7.3,9.1,5.5,3.1,2.0,0.2,36.7,0.1,3.3
icr007911,True,18845.8,5575.0,48317.2,50.6,45.7,92.0,34348.1,3243.6,4.4,2664.9,22.3,24.0,195.5,20853.9,0.7,9.3,9.6,25.4,11.9,0.3,881.7,6.2,106.3,233.0,5.0,24.6,184.5,4405.3,597.3,66.5,0.7,7.4,13.8,3.5,3.5,2.6,0.2,24.5,0.1,6.7
icr007928,True,19272.9,5575.0,34763.1,50.6,45.7,170.8,16825.7,7293.6,4.4,1613.8,18.7,33.2,156.8,10769.9,0.7,12.5,7.1,19.6,7.7,0.3,885.6,5.8,41.2,146.9,6.7,24.7,184.5,3041.2,318.8,37.7,1.0,8.9,4.9,4.3,1.8,0.2,0.3,18.6,0.1,3.2
icr007929,True,20065.8,5575.0,33391.7,50.6,45.7,141.5,14487.1,7691.5,4.4,1601.7,17.9,30.8,146.4,11319.6,0.7,12.7,7.4,19.7,7.7,0.3,885.0,4.2,38.4,135.7,6.6,24.7,184.5,2854.5,351.7,41.3,1.0,6.6,5.0,2.8,1.7,0.2,0.2,17.0,0.1,3.9
icr007949,True,21930.8,5575.0,29920.0,50.6,45.7,82.7,21360.2,1849.6,4.4,1444.1,9.5,9.1,395.7,6450.9,0.7,6.0,5.5,14.4,6.4,0.3,882.4,3.7,49.4,76.9,3.6,25.2,184.5,3388.2,141.7,23.3,0.8,3.5,1.0,7.2,1.3,0.2,0.2,27.3,0.3,2.5
icr007950,True,20935.4,5575.0,31012.1,50.6,45.7,50.0,19266.6,2021.8,4.4,1505.4,11.9,14.6,415.9,7571.9,0.7,6.9,7.1,15.3,6.8,0.3,884.3,6.1,47.3,75.3,3.7,24.7,184.5,3017.8,181.6,26.4,0.6,3.6,1.7,6.5,1.5,0.2,0.2,25.6,0.2,2.7
icr007967,True,17504.0,5575.0,63149.4,50.6,45.7,94.4,11571.1,4339.2,4.4,3281.0,35.3,58.3,280.8,27491.3,0.7,31.9,10.8,27.2,14.7,0.3,881.7,11.9,75.9,120.5,9.6,24.7,184.5,952.8,954.9,127.7,1.3,19.1,16.4,1.7,4.2,0.2,0.2,29.9,0.1,19.1
icr007968,True,17757.3,5575.0,75522.6,50.6,45.7,186.5,8562.3,2608.0,4.4,3444.0,40.8,63.9,194.8,32531.5,0.7,40.1,12.1,28.9,18.9,0.3,887.6,12.3,80.0,76.3,10.4,38.3,184.5,820.7,1108.2,123.7,0.7,7.7,23.5,4.1,3.7,0.2,0.2,37.9,0.1,25.8
icr007987,True,16069.6,5575.0,57218.7,50.6,45.7,196.5,13117.4,3762.7,4.4,2985.1,30.8,62.4,164.8,26675.9,0.7,38.1,13.1,25.2,12.1,0.3,888.9,10.4,68.5,103.6,9.1,24.7,184.5,845.3,934.0,113.9,0.7,8.8,16.1,2.5,4.4,0.2,0.2,21.1,0.1,18.7
icr007988,True,16743.4,5575.0,52497.7,50.6,45.7,263.9,12933.9,3273.5,4.4,2709.4,28.7,61.9,139.8,24989.3,0.7,34.8,12.5,26.5,11.3,0.3,886.9,8.4,65.3,95.6,6.8,24.7,184.5,973.6,837.6,100.0,0.7,10.2,15.8,2.2,4.6,0.2,0.2,19.4,0.1,17.3
icr008007,True,19057.2,5575.0,41380.3,50.6,45.7,120.9,10470.5,4921.2,4.4,1985.2,19.3,20.4,182.5,14864.5,0.7,11.0,10.0,19.4,10.0,0.3,886.9,6.8,43.6,95.2,5.3,24.7,184.5,1081.5,465.6,65.5,0.9,4.8,9.0,2.6,2.8,0.2,0.2,16.8,0.1,4.2
icr008008,True,19474.2,5575.0,48989.5,50.6,45.7,137.8,10145.9,3732.2,4.4,2406.0,23.8,26.1,169.4,19297.7,0.7,15.3,11.5,22.3,12.7,0.3,881.7,12.4,53.7,82.0,6.2,24.7,184.5,725.8,603.5,71.4,0.8,2.7,11.9,2.6,3.5,0.2,0.2,18.1,0.1,8.4
icr008027,True,21603.3,5575.0,19191.9,50.6,45.7,194.9,14474.3,4630.1,4.4,841.2,7.0,24.0,148.8,4315.2,0.7,6.9,3.3,10.9,4.1,0.3,880.4,1.7,27.8,110.7,1.5,24.7,184.5,2011.0,108.1,13.9,0.7,3.2,0.7,4.7,0.9,0.2,0.2,12.4,0.1,1.7
icr008028,True,20090.5,5575.0,20884.6,50.6,45.7,184.8,15169.8,4529.1,4.4,1009.1,7.9,30.5,117.1,5069.9,0.7,7.1,3.3,11.4,4.2,0.3,885.0,1.9,29.7,109.0,2.3,24.7,184.5,2068.9,131.5,16.6,0.7,3.7,0.8,6.1,1.1,0.2,0.2,13.0,0.1,1.7
icr009918,True,16616.3,5575.0,39259.2,697.7,45.7,38.7,2971.3,2662.2,3.7,2909.0,50.4,70.0,1370.0,33677.8,0.7,36.9,26.3,66.9,9.3,0.3,879.8,12.8,38.8,19.2,8.5,39.4,184.5,692.9,1201.5,86.5,0.7,22.3,24.3,0.2,1.9,0.2,0.2,26.9,0.1,38.8
icr009919,True,17210.9,5575.0,38886.2,471.7,45.7,50.1,2683.3,1696.2,4.4,3316.9,60.9,74.6,1496.3,37704.7,0.7,46.9,29.7,69.6,10.9,0.3,879.8,12.5,41.8,15.9,12.7,47.3,184.5,1080.7,1327.7,85.3,0.7,17.2,28.6,0.2,1.0,0.2,0.2,34.7,0.1,42.9
icr009938,True,15833.7,5575.0,46704.1,307.9,45.7,113.1,1048.2,484.6,17.4,8267.0,106.9,39.2,910.2,53645.5,0.7,29.1,37.5,36.7,11.9,0.3,883.7,7.0,44.4,12.1,14.8,160.6,184.5,72.5,2193.2,92.0,0.7,30.6,0.9,1.3,2.9,0.2,0.2,70.9,6.8,98.8
icr009939,True,14366.4,5575.0,42659.0,296.9,45.7,111.0,864.8,212.0,19.8,7742.3,96.3,34.0,809.8,49892.2,0.7,26.6,33.9,33.7,11.5,0.3,887.6,4.8,39.0,10.1,15.2,137.4,184.5,49.3,2017.1,92.3,0.7,30.6,15.5,1.3,2.9,0.2,0.2,63.9,6.2,91.5
icr009958,True,15720.7,5575.0,44512.2,302.9,45.7,72.3,1436.0,722.9,13.3,7726.5,86.5,39.7,853.8,47944.1,0.7,32.5,28.6,39.2,11.4,0.3,881.7,7.5,41.6,16.0,18.6,143.4,184.5,88.7,1970.2,117.2,0.8,33.2,26.0,2.1,2.6,0.2,0.2,58.5,5.4,79.4
icr009959,True,16959.4,5575.0,45986.5,223.9,45.7,61.6,1314.6,166.8,23.9,6972.7,74.2,43.9,734.5,50507.2,0.7,36.1,29.9,39.4,12.6,0.3,883.7,5.1,42.5,13.7,21.6,147.4,184.5,52.7,1828.8,112.3,0.7,33.0,0.9,1.6,3.4,0.2,0.2,69.2,4.3,85.7
icr009978,True,19595.1,5575.0,44802.8,123.0,45.7,40.1,2938.9,265.1,10.1,5107.2,74.8,95.3,1392.7,42325.1,0.9,49.5,46.2,42.3,11.7,0.3,888.2,3.5,41.4,8.6,12.8,87.9,184.5,313.9,1571.1,61.9,0.7,32.3,32.8,0.2,3.1,0.2,0.2,57.6,1.2,65.0
icr009979,True,16793.5,5575.0,54827.9,77.2,45.7,137.1,2692.2,128.2,16.8,5282.2,83.6,97.4,1251.4,46308.1,0.7,54.9,53.9,45.3,13.7,0.3,879.8,1.0,43.5,7.3,13.4,128.8,184.5,84.9,1490.7,77.1,0.7,27.5,36.5,1.0,3.2,0.2,0.2,65.0,1.4,69.8
icr009998,True,15495.1,5575.0,45667.4,436.6,45.7,73.6,494.5,322.9,24.5,8116.0,111.5,35.4,1485.4,57600.8,0.7,30.3,38.9,43.9,11.0,0.3,883.0,7.6,45.7,11.3,30.3,158.5,184.5,38.7,2318.2,98.1,0.8,49.9,0.9,0.4,2.6,0.2,0.2,90.1,6.1,112.7
icr009999,True,15845.2,5575.0,47846.6,302.1,45.7,98.9,490.3,124.0,33.3,10603.0,140.7,45.7,1611.0,69093.4,0.7,34.5,44.1,49.4,12.5,0.3,884.3,8.1,57.3,11.2,30.2,228.2,184.5,37.7,2785.0,108.0,0.7,41.1,0.9,1.4,4.0,0.2,0.2,120.8,10.4,145.9
icr010018,True,17738.7,5575.0,46411.5,388.2,45.7,64.0,510.4,379.7,19.3,10382.1,107.4,46.5,1054.9,57418.1,0.7,42.0,37.6,45.1,12.2,0.3,887.6,8.1,45.9,14.5,24.8,168.7,184.5,56.3,2530.8,105.7,0.7,35.4,0.9,3.5,3.4,0.2,0.2,85.1,10.1,111.8
icr010019,True,16291.2,5575.0,45285.1,251.2,45.7,129.1,428.9,119.2,22.2,10580.4,97.7,44.2,980.5,57186.0,0.7,41.0,35.9,39.3,11.9,0.3,883.7,7.6,44.6,12.1,23.0,163.2,184.5,62.2,2506.1,104.4,0.7,30.7,0.9,2.0,3.6,0.2,0.2,87.1,10.5,111.7
icr010038,True,16659.0,5575.0,60322.9,286.7,45.7,111.7,5963.9,2668.3,5.0,13212.3,152.2,128.6,1481.2,76700.5,0.7,110.3,47.7,69.2,11.2,0.3,879.8,3.7,91.5,30.9,24.8,313.3,184.5,108.4,3267.0,112.3,0.7,25.7,39.2,2.2,5.2,0.2,0.2,109.9,13.4,176.0
icr010039,True,17371.1,5575.0,67652.8,261.3,45.7,157.4,4430.9,1473.1,17.2,9616.8,128.4,119.7,1153.0,76047.3,0.7,129.1,51.5,70.7,12.9,0.3,883.0,2.0,86.8,21.8,23.7,271.1,184.5,561.6,2998.4,154.9,0.7,32.1,0.9,0.3,3.9,0.2,0.2,102.3,7.9,170.5
icr010058,True,16441.3,5575.0,46812.9,371.2,45.7,33.9,576.3,774.2,23.2,11669.7,89.2,42.9,1178.6,61345.4,0.7,40.3,34.6,52.7,12.3,0.3,883.7,9.3,48.8,19.5,26.8,227.3,184.5,63.3,2723.1,110.4,0.7,43.8,16.4,2.5,3.4,0.2,0.2,97.0,11.7,120.9
icr010059,True,17489.8,5575.0,44564.6,272.5,45.7,134.9,451.0,173.1,23.6,12283.2,106.7,38.8,1105.9,61492.6,0.7,38.7,33.3,51.7,12.3,0.3,885.0,9.3,50.7,17.0,23.5,215.8,184.5,63.8,2796.4,128.1,1.0,32.9,15.6,3.6,4.2,0.2,0.2,102.8,13.6,128.3
icr010078,True,14715.6,5575.0,46839.8,490.1,45.7,155.7,657.0,680.4,20.8,8959.5,107.3,33.6,1201.8,58298.1,0.7,40.2,53.1,40.0,12.1,0.3,885.0,7.1,48.5,14.2,31.6,176.9,184.5,50.0,2463.7,89.8,0.7,43.8,0.9,0.4,2.3,0.2,0.2,89.5,7.3,116.8
icr010079,True,13883.1,5575.0,48507.2,340.6,45.7,179.7,604.0,222.5,26.7,12622.0,147.4,37.3,1226.1,67758.1,0.7,42.4,56.2,44.9,12.8,0.3,885.6,6.8,56.6,11.8,28.1,228.4,184.5,63.6,2894.2,101.9,0.7,29.0,0.9,1.1,3.6,0.2,0.2,108.0,13.4,141.4
icr010098,True,16133.2,5575.0,52406.0,236.2,45.7,50.6,633.8,1206.5,14.3,11919.1,151.8,61.9,1542.7,69655.3,0.8,67.9,62.0,47.4,12.3,0.3,885.6,8.5,63.2,12.6,32.3,281.7,184.5,56.7,3023.6,103.3,0.7,50.4,0.9,1.1,3.1,0.2,0.2,114.1,12.8,160.2
icr010099,True,17969.3,5575.0,53101.8,201.2,45.7,134.8,503.7,328.7,36.0,13945.6,174.9,67.7,1634.8,75834.4,1.1,71.6,62.6,48.8,12.6,0.3,881.1,7.7,71.6,9.5,33.8,280.7,184.5,53.4,3368.2,126.0,0.7,37.8,0.9,0.9,3.3,0.2,0.2,137.4,17.9,186.0
icr010118,True,12588.4,5575.0,55275.9,255.0,45.7,88.6,477.5,587.3,23.0,11660.1,119.5,77.3,1775.8,64166.6,2.1,96.5,49.1,40.1,12.5,0.3,885.6,6.8,53.6,9.9,25.2,221.4,184.5,49.9,2723.3,96.8,0.7,47.5,18.7,2.3,2.5,0.2,0.2,109.0,13.2,138.6
icr010119,True,14786.1,5575.0,54453.9,178.7,45.7,226.7,444.8,171.6,24.0,12678.0,118.9,85.6,1867.9,68961.6,2.0,109.5,52.3,42.3,13.4,0.3,883.0,5.1,59.9,7.9,26.3,265.1,184.5,53.7,2974.9,106.3,0.7,33.0,17.1,2.0,2.8,0.2,0.2,129.9,14.9,154.8
icr010138,True,13881.8,5575.0,40813.5,364.2,45.7,154.6,1026.7,344.8,14.5,9628.7,94.2,28.0,1168.6,54354.4,0.7,31.2,35.7,44.0,10.2,0.3,886.3,5.3,50.1,12.4,22.1,156.8,184.5,63.4,2372.3,113.3,1.0,37.9,44.5,2.1,3.7,0.2,0.2,85.4,9.4,114.2
icr010139,True,15443.9,5575.0,43696.3,288.5,45.7,130.1,814.8,144.1,18.0,9834.1,102.2,27.0,1059.7,55668.2,0.7,32.0,36.3,42.7,11.3,0.3,879.1,4.5,45.2,12.0,22.0,166.7,184.5,48.1,2368.9,100.8,0.7,35.7,17.4,1.9,3.3,0.2,0.2,80.8,9.0,107.1
icr010158,True,15361.1,5575.0,38514.1,567.9,45.7,95.9,3209.6,1322.5,8.5,7761.9,98.4,43.4,1504.8,51854.6,1.0,27.9,35.8,50.7,9.0,0.3,883.7,1.7,50.5,17.0,28.6,140.4,184.5,341.8,2103.0,144.5,1.4,32.8,40.0,0.4,2.8,0.2,0.2,69.6,3.8,80.2
icr010159,True,15646.5,5575.0,50394.8,548.5,45.7,213.6,3408.9,700.0,11.6,7403.1,90.2,44.7,1372.2,57322.3,0.7,37.1,45.6,56.8,11.1,0.3,885.0,0.4,61.3,20.5,34.2,149.9,184.5,1711.6,2092.1,134.2,0.8,15.2,32.3,0.4,3.3,0.2,0.2,100.2,4.6,94.7
icr010178,True,14743.5,5575.0,40159.6,470.4,45.7,217.1,2572.9,691.7,12.3,12811.3,64.9,20.5,1596.4,56736.0,0.7,20.1,26.6,57.5,9.9,0.3,885.6,1.4,61.5,27.0,46.5,202.8,184.5,17.6,2378.5,153.9,0.8,7.4,46.9,3.8,4.1,0.2,0.2,96.3,11.7,92.4
icr010179,True,18449.9,5575.0,39305.2,452.5,45.7,180.4,1863.9,419.7,12.6,12839.9,133.6,8.3,1280.0,59520.7,0.7,23.7,27.3,60.8,11.4,0.3,889.5,0.6,65.9,28.5,47.3,178.1,184.5,699.7,2520.0,145.3,0.9,27.6,37.8,8.5,3.1,0.2,0.2,107.3,13.7,111.4
icr010198,True,15381.6,5575.0,45999.9,302.2,45.7,26.4,1392.3,370.4,17.4,10066.9,50.5,22.0,1584.0,53480.8,0.7,27.0,29.1,53.3,12.3,0.3,885.0,4.3,50.2,28.2,42.0,198.1,184.5,17.6,2265.7,135.3,0.7,40.1,44.8,2.9,3.7,0.2,0.2,94.8,8.8,91.6
icr010199,True,16666.7,5575.0,46979.8,393.8,45.7,242.4,1397.4,366.5,21.5,8951.0,46.9,22.1,1554.9,51576.4,0.7,26.8,28.1,50.9,12.5,0.3,885.0,4.4,46.1,27.8,40.9,156.5,184.5,17.6,2026.5,152.6,0.7,36.9,43.3,1.7,3.2,0.2,0.2,88.7,6.7,80.9
icr010218,True,17076.7,5575.0,40707.0,203.6,45.7,117.5,6550.6,882.4,8.1,6110.5,38.1,52.5,1523.8,44006.9,0.7,33.1,31.7,58.5,8.4,0.3,881.7,1.5,56.1,13.6,32.3,97.1,184.5,1743.0,1644.2,131.4,0.7,22.3,34.0,1.3,3.9,0.2,0.2,64.3,1.9,59.9
icr010219,True,19560.8,5575.0,46993.5,83.8,45.7,223.5,5922.9,619.1,12.4,6607.8,46.6,58.8,1332.0,50475.5,0.7,42.8,37.8,64.2,10.2,0.3,885.6,0.5,65.2,12.8,34.8,154.3,184.5,986.5,1867.8,117.0,0.7,13.4,41.1,2.2,5.1,0.2,0.2,77.3,3.5,77.3
icr011824,True,19052.3,5575.0,17297.8,50.6,45.7,59.1,20830.7,863.4,4.4,761.9,8.6,6.9,223.1,5376.1,0.7,2.5,3.7,7.2,2.7,0.3,879.1,0.2,59.8,30.8,3.7,24.7,184.5,3206.2,186.6,32.8,1.1,3.3,1.4,1.0,1.2,0.4,0.2,11.5,0.1,1.9
icr011825,True,21961.5,5575.0,15360.6,50.6,45.7,133.5,16904.2,543.6,4.4,697.2,6.6,13.5,186.5,5954.1,0.7,2.5,3.5,6.9,2.8,0.3,877.2,0.3,48.0,23.4,2.8,24.7,184.5,3027.0,175.2,26.7,1.1,1.0,3.0,0.5,1.1,0.4,0.2,12.1,0.1,0.3
icr011843,True,26311.1,5575.0,11850.9,50.6,45.7,112.9,12739.7,483.7,4.4,504.9,8.4,13.2,63.7,3989.4,0.7,2.1,3.1,5.5,2.3,0.3,885.0,0.2,46.5,19.2,3.9,24.7,184.5,1078.4,105.7,12.5,0.6,2.1,1.2,0.6,0.7,0.2,0.2,8.7,0.1,0.3
icr011844,True,22988.3,5575.0,10831.4,50.6,45.7,92.6,12703.6,396.1,4.4,512.1,9.6,14.2,42.8,3590.5,0.7,2.0,3.1,5.1,1.7,0.3,881.1,0.2,44.0,16.9,3.8,24.7,184.5,1118.6,101.9,12.8,0.9,1.5,1.0,0.4,0.8,0.2,0.2,6.9,0.4,0.3
icr011863,True,25060.1,5575.0,7830.3,50.6,45.7,86.7,5851.0,652.0,4.4,508.2,9.8,6.2,68.6,3928.1,0.7,1.4,3.0,5.0,1.3,0.3,881.1,0.3,20.2,15.4,1.0,24.7,184.5,667.5,108.4,15.3,0.7,2.0,1.7,0.3,0.6,0.2,0.2,3.0,0.3,0.3
icr011864,True,19485.5,5575.0,10363.1,50.6,45.7,161.4,5745.2,816.2,4.4,694.0,9.6,10.9,75.8,4906.4,0.7,2.4,3.9,6.7,1.5,0.3,881.1,0.2,21.0,18.1,5.2,24.7,184.5,760.3,149.8,18.9,0.6,3.7,2.6,0.5,1.1,0.2,0.2,4.3,1.1,0.6
icr011881,True,21115.5,5575.0,20094.9,50.6,45.7,141.8,35969.4,323.8,4.4,434.1,6.2,3.6,39.3,1779.0,0.7,0.8,1.6,3.1,3.9,0.3,888.9,0.2,132.4,30.2,1.4,24.7,184.5,2054.3,21.9,5.7,2.9,1.3,0.9,0.7,0.4,0.4,0.2,13.1,0.1,1.6
icr011882,True,22314.3,5575.0,16694.9,50.6,45.7,82.6,29697.6,293.8,4.4,478.1,6.3,5.6,36.7,2198.4,0.7,0.9,1.8,3.8,3.4,0.3,885.0,0.2,116.2,26.0,3.6,24.7,184.5,1786.9,77.4,7.4,2.2,1.3,0.9,1.7,0.5,0.5,0.2,10.3,0.1,0.8
icr011901,True,21219.3,5575.0,14614.6,50.6,45.7,64.1,15815.2,5644.8,4.4,622.2,4.4,6.4,142.0,4004.6,0.7,13.2,30.5,16.9,2.6,0.3,881.1,0.8,44.1,101.9,3.9,24.7,184.5,3136.5,117.9,16.5,0.8,3.0,0.9,0.4,0.1,0.2,0.2,6.5,0.1,0.7
icr011902,True,21927.3,5575.0,17155.6,50.6,45.7,95.0,17785.7,2183.2,4.4,781.1,5.4,9.5,122.0,4310.6,0.7,2.4,3.9,11.0,2.9,0.3,883.0,0.9,51.2,49.5,3.8,24.7,184.5,3240.2,137.3,23.0,1.3,3.7,1.4,0.9,0.8,0.2,0.2,7.5,0.1,0.9
icr011921,True,21460.9,5575.0,24128.8,50.6,45.7,94.8,13178.3,2370.5,4.4,1224.0,9.6,10.6,214.9,7911.8,0.7,4.1,6.5,13.2,3.9,0.3,873.4,0.7,51.8,52.1,7.4,24.7,184.5,1991.9,258.0,28.7,0.7,10.4,3.0,0.6,1.3,0.2,0.2,9.8,0.1,2.7
icr011922,True,22084.0,5575.0,31416.1,50.6,45.7,47.4,12339.2,4410.4,4.4,1642.6,11.5,15.3,209.1,12120.3,0.7,7.0,9.7,21.3,5.7,0.3,883.0,0.7,59.3,85.1,7.7,24.7,184.5,2364.2,428.5,41.3,1.1,5.7,7.0,0.2,2.5,0.2,0.2,13.2,0.1,2.4
icr011941,True,23620.2,5575.0,27876.4,50.6,45.7,99.1,37563.6,2702.4,4.4,622.4,10.1,7.6,92.1,5427.2,0.7,2.3,3.0,7.9,5.4,0.3,885.0,0.4,131.6,77.0,3.8,24.7,184.5,2775.8,160.5,17.7,1.7,1.0,1.6,0.3,1.2,1.2,0.2,18.0,0.1,2.2
icr011942,True,20653.2,5575.0,27016.3,50.6,45.7,70.8,34568.2,2769.7,4.4,610.5,10.5,8.9,73.3,5563.6,0.7,2.7,3.0,8.4,4.8,0.3,883.0,0.2,121.2,72.3,3.2,24.7,184.5,2583.8,159.0,14.1,0.9,2.0,2.1,0.2,1.4,1.0,0.2,14.6,0.1,1.1
icr011960,True,20695.4,5575.0,26520.6,50.6,45.7,23.1,30262.5,2916.2,4.4,701.4,9.1,10.3,106.9,4906.2,0.7,1.9,3.7,13.4,4.5,0.3,879.1,2.3,107.5,73.9,4.7,24.7,184.5,2435.6,169.8,21.2,1.1,2.6,1.4,0.4,1.2,0.6,0.2,11.6,0.1,1.9
icr011961,True,28019.0,5575.0,23869.2,50.6,45.7,33.9,31938.7,2093.2,4.4,660.6,10.9,3.4,62.8,4621.6,0.7,1.6,3.1,9.4,4.9,0.3,881.1,0.8,115.4,65.2,4.2,24.7,184.5,2548.9,159.6,19.1,2.0,1.8,1.7,0.5,1.0,1.2,0.2,15.6,0.1,1.4
icr011978,True,15134.2,5575.0,40923.0,50.6,45.7,232.9,5796.9,4067.8,4.4,6071.1,121.2,114.5,2419.5,86759.1,1.5,65.9,72.7,40.0,3.8,0.3,875.3,3.1,123.6,55.5,7.8,272.8,184.5,1330.3,2970.2,148.3,0.7,36.8,0.9,0.2,7.5,0.2,0.8,215.9,2.2,203.2
icr011979,True,13939.6,5575.0,49151.2,50.6,45.7,171.7,5250.3,3331.1,4.4,5847.8,108.4,101.4,1793.6,77461.0,0.7,56.1,67.0,36.9,5.8,0.3,883.0,2.2,108.6,41.7,6.9,260.0,184.5,1167.2,2660.2,125.2,0.7,36.3,0.9,0.2,5.8,0.2,0.2,169.1,1.7,165.4
icr011990,True,14462.0,5575.0,35241.1,50.6,45.7,67.8,6484.3,4780.2,4.4,1608.2,12.7,20.3,206.6,15092.7,0.7,9.7,10.6,20.7,5.9,0.3,885.0,2.3,41.6,83.7,8.0,24.7,184.5,2192.1,538.9,49.4,1.2,12.3,11.0,0.2,2.5,0.2,0.1,9.5,0.1,4.6
icr011991,True,21764.2,5575.0,36998.9,50.6,45.7,60.5,7033.4,12580.0,4.4,2081.1,16.7,25.4,342.1,19914.9,0.7,15.6,15.6,28.0,8.7,0.3,883.0,2.1,51.1,177.9,10.7,24.7,184.5,4242.3,770.9,78.4,2.3,8.8,13.1,0.2,2.3,0.2,0.8,17.7,0.1,7.8
icr012008,True,23050.4,5575.0,21677.6,50.6,45.7,223.2,12389.3,3920.2,4.4,809.7,10.7,8.1,139.7,7423.6,0.7,3.1,5.8,11.2,3.5,0.3,885.0,2.3,42.4,74.3,5.0,24.7,184.5,1945.0,216.4,26.4,0.6,6.6,4.2,0.9,1.9,0.2,0.2,8.4,0.1,2.0
icr012009,True,19783.8,5575.0,31277.0,50.6,45.7,49.0,11776.2,8718.6,4.4,1514.2,15.9,11.3,296.7,13641.6,0.7,6.9,10.1,19.3,6.6,0.3,886.9,5.4,54.2,149.2,10.0,24.7,184.5,2738.3,475.0,60.3,0.7,4.7,8.2,0.9,2.5,0.2,0.3,15.7,0.1,3.6
icr012027,True,20497.5,5575.0,27857.7,50.6,43.7,80.8,17538.3,5512.7,4.4,1107.9,10.5,7.5,336.8,9027.0,0.7,5.7,8.8,20.2,5.5,0.3,883.0,2.1,77.6,112.7,7.9,24.7,184.5,2297.4,298.2,41.0,1.4,3.5,4.2,0.2,1.7,0.2,0.1,16.1,0.1,3.2
icr012028,True,20462.3,5575.0,26409.9,50.6,54.7,48.6,12572.0,19088.7,4.4,1417.9,12.9,10.3,560.3,11338.7,0.7,9.3,10.0,22.7,6.7,0.3,875.3,1.6,67.0,209.6,10.2,24.7,184.5,3334.6,388.2,59.4,1.5,4.8,4.4,0.2,1.3,0.2,1.0,18.4,0.1,4.8
icr012043,True,20745.1,5575.0,49099.1,50.6,45.7,116.8,8294.3,1320.8,4.4,4578.6,40.2,77.3,309.4,34633.5,0.7,34.3,28.0,31.3,11.6,0.3,881.1,4.7,99.2,34.8,14.7,75.3,184.5,542.8,1365.0,81.5,0.7,16.0,26.3,1.1,4.8,1.2,0.2,43.8,0.1,30.1
icr012044,True,19638.8,5575.0,44889.2,50.6,45.7,101.5,6442.2,832.7,3.1,4121.8,37.7,68.3,181.3,31423.3,0.7,31.6,23.5,26.0,11.4,0.3,883.0,4.2,86.6,24.8,11.2,57.9,184.5,349.6,1245.5,68.3,0.7,16.1,24.1,1.0,4.6,1.4,0.2,40.0,0.1,28.2
icr012063,True,12169.5,7982.7,42079.3,50.6,45.7,159.8,7760.1,11936.3,4.4,4032.6,40.8,43.5,669.5,33784.9,0.7,23.1,27.0,39.9,9.9,0.3,881.1,0.2,76.3,198.1,13.6,24.0,184.5,2264.2,1351.8,133.4,1.3,30.9,24.5,0.2,3.7,0.2,2.0,40.2,0.1,31.0
icr012064,True,17695.3,11730.7,38059.3,50.6,45.7,40.4,6635.8,14187.6,4.4,3550.2,35.3,45.1,568.2,30028.1,0.7,20.6,24.2,36.3,9.4,0.3,885.0,0.2,65.6,195.7,12.9,24.7,184.5,2109.5,1152.9,112.1,1.2,15.2,19.7,0.2,2.9,0.2,2.3,30.3,0.1,23.6
icr012083,True,24172.6,5575.0,14237.7,50.6,45.7,78.8,15014.3,1906.4,4.4,781.5,8.3,6.7,144.4,4247.2,0.7,2.3,4.5,35.4,3.0,0.3,881.1,1.0,55.1,49.2,4.3,24.7,184.5,1297.8,139.7,17.2,0.7,2.5,1.0,0.7,1.1,0.1,0.2,4.4,0.1,0.3
icr012084,True,22895.7,5575.0,12955.3,50.6,45.7,76.0,14277.4,1545.5,4.4,600.6,7.1,8.2,111.0,3945.0,0.7,1.9,4.0,21.1,2.5,0.3,871.5,0.4,50.2,39.0,2.3,24.7,184.5,1227.3,128.9,15.9,0.5,3.5,1.2,0.6,0.9,0.2,0.2,7.6,0.1,0.3
icr012087,True,20975.4,5575.0,26294.9,50.6,45.7,66.6,7130.2,3315.0,4.4,2161.7,38.5,51.2,479.5,26772.6,0.7,15.8,21.6,20.0,3.8,0.3,877.2,0.9,50.5,49.2,5.3,24.7,184.5,726.7,891.7,72.7,0.7,15.8,21.2,0.2,3.7,0.2,0.2,23.5,0.1,17.3
icr012088,True,17706.0,5575.0,32099.8,50.6,45.7,40.8,6322.9,2552.9,3.6,2625.7,52.2,55.8,576.7,37148.8,0.7,22.5,25.6,25.9,4.6,0.3,885.0,1.8,63.7,40.7,4.8,24.7,184.5,625.5,1300.5,97.1,0.7,11.0,0.9,0.2,5.3,0.2,0.2,47.8,0.1,41.9
icr020848,True,24652.8,5575.0,9126.1,50.6,45.7,243.3,6307.5,502.7,4.4,978.7,9.1,9.7,54.9,2921.2,0.7,1.8,3.2,3.1,1.6,0.3,886.9,0.2,16.0,24.4,4.8,68.6,184.5,624.5,110.0,9.1,0.7,2.8,0.8,20.9,0.5,0.2,0.2,3.3,1.8,2.0
icr020849,True,26211.1,5575.0,5886.4,50.6,45.7,186.6,5220.6,302.1,4.4,595.1,3.9,9.7,25.3,1971.3,0.7,1.2,2.3,2.3,1.2,0.3,881.1,0.2,13.2,21.0,2.9,55.2,184.5,954.9,31.4,2.2,0.7,1.1,0.9,14.1,0.1,0.2,0.1,0.7,0.3,0.9
icr020868,True,24594.0,5575.0,4785.3,50.6,45.7,187.0,4281.3,371.1,4.4,459.9,2.1,9.9,41.9,2116.4,0.7,8.6,2.6,3.0,1.0,0.3,886.3,0.2,8.4,22.6,2.1,19.7,184.5,1017.6,33.6,1.7,0.7,1.3,0.7,9.8,0.1,0.2,0.1,0.4,0.7,0.3
icr020869,True,23201.5,5575.0,4571.4,50.6,45.7,211.1,4688.0,167.2,4.4,487.0,2.0,9.8,23.9,1744.3,0.7,1.2,2.1,2.3,1.0,0.3,886.3,0.2,9.1,23.3,2.2,43.0,184.5,1080.8,23.9,1.6,0.7,1.3,0.8,10.7,0.1,0.2,0.2,0.4,0.5,0.3
icr020888,True,21742.0,5575.0,18052.8,50.6,45.7,126.3,15632.4,1072.0,4.4,755.5,9.6,12.8,18.4,2923.6,0.7,2.1,3.8,3.3,3.4,0.3,882.4,0.2,27.7,104.5,3.7,78.5,184.5,4173.3,86.2,1.6,0.8,1.1,0.9,14.5,0.4,0.2,0.2,8.3,0.1,0.3
icr020889,True,21990.1,5575.0,24696.7,50.6,45.7,55.4,10602.0,733.4,4.4,1372.4,20.9,25.7,11.6,6260.3,0.7,5.0,6.3,5.4,5.6,0.3,885.0,0.2,25.8,73.5,3.5,29.8,184.5,3259.4,190.3,6.3,0.5,1.1,4.0,9.3,1.0,0.2,0.2,9.9,0.1,0.7
icr020908,True,21719.4,5575.0,31639.3,50.6,45.7,65.8,32775.4,1784.5,4.4,2319.4,2.3,18.6,240.0,7245.1,0.7,3.8,6.0,8.5,6.2,0.3,885.6,1.3,71.7,161.1,9.1,318.0,184.5,6989.3,246.2,8.5,1.3,4.8,3.8,31.1,1.4,0.4,0.2,13.6,0.1,0.5
icr020909,True,20845.3,5575.0,30897.8,50.6,45.7,44.7,30645.0,805.4,4.4,2454.3,2.2,15.6,177.4,6595.1,2.6,3.2,4.4,6.6,6.0,0.3,886.9,0.6,66.6,143.0,8.3,232.2,184.5,6271.1,227.4,8.1,1.0,3.5,3.0,22.2,1.4,0.7,0.2,16.1,0.1,1.4
icr020927,True,21265.1,5575.0,10866.9,50.6,45.7,115.9,10040.1,989.4,4.4,1002.4,4.4,14.1,194.4,4790.1,0.7,2.0,6.5,4.6,1.7,0.3,885.0,0.3,25.6,55.5,3.2,29.8,184.5,2585.8,102.5,1.2,0.6,1.3,3.0,9.3,0.7,0.2,0.2,3.4,0.2,0.3
icr020928,True,20774.5,5575.0,11427.1,50.6,45.7,101.7,10490.8,618.8,4.4,1100.8,6.8,17.1,176.0,5553.5,0.7,2.0,7.3,3.8,1.9,0.3,886.3,0.2,27.0,54.3,3.6,38.2,184.5,2709.5,132.9,2.1,0.5,1.8,3.8,10.1,0.9,0.2,0.2,6.5,0.1,0.4
icr020947,True,24919.2,5575.0,15909.4,50.6,45.7,94.5,20788.5,951.4,4.4,708.1,5.9,10.6,64.8,2335.9,0.7,1.0,2.4,2.3,2.8,0.3,884.3,0.2,46.3,96.9,5.2,178.2,184.5,3812.4,55.0,1.7,0.8,0.8,0.9,25.1,0.3,0.2,0.2,10.9,0.1,0.6
icr020948,True,23483.7,5575.0,10951.3,50.6,45.7,272.9,12776.4,584.2,4.4,433.9,7.4,7.7,23.4,1840.4,0.7,0.7,2.0,1.7,1.9,0.3,883.7,0.2,27.7,61.0,2.7,39.0,184.5,2389.6,40.9,1.7,0.6,1.1,0.9,12.1,0.3,0.2,0.1,5.0,0.2,0.3
icr020970,True,18466.0,5575.0,30177.0,50.6,45.7,82.4,53526.8,1981.3,4.4,1497.6,3.0,7.6,152.8,4363.1,0.7,0.9,3.0,5.3,5.1,0.3,886.3,0.2,73.5,395.0,8.8,478.6,184.5,13281.7,149.1,1.5,2.2,2.0,1.0,43.2,0.9,0.6,0.2,16.6,0.1,0.3
icr020971,True,18892.3,5575.0,31451.6,50.6,45.7,134.6,55711.4,1199.5,4.4,1477.7,3.9,8.6,90.9,3728.3,0.7,0.9,2.2,3.2,5.1,0.3,887.6,0.2,75.9,388.7,7.0,495.0,184.5,13403.5,125.8,1.7,3.2,1.9,0.9,40.9,0.9,0.6,0.2,18.2,0.1,0.3
icr020986,True,22896.1,5575.0,18822.6,50.6,45.7,152.2,30875.8,960.9,4.4,872.3,1.9,7.1,95.6,1810.6,0.7,0.7,2.0,2.9,2.9,0.3,883.7,0.2,36.0,187.7,3.6,203.6,184.5,7846.8,44.0,1.7,1.9,1.2,1.1,23.5,0.3,0.2,0.2,9.3,0.1,0.3
icr020987,True,21138.3,5575.0,20317.5,50.6,45.7,248.2,32425.7,664.7,4.4,1029.8,1.9,5.8,105.1,2641.7,0.7,0.9,2.4,2.4,3.1,0.3,881.1,0.2,35.6,194.8,3.7,231.6,184.5,8307.3,83.0,1.4,2.1,1.4,0.9,22.7,0.5,0.3,0.2,9.4,0.1,0.3
icr021004,True,18557.7,5575.0,26194.3,50.6,45.7,84.4,34793.4,686.1,4.4,1769.6,4.2,23.7,214.5,8260.0,0.7,11.1,5.2,6.8,4.4,0.3,880.4,0.6,95.1,97.4,8.0,44.5,184.5,4863.9,221.8,6.1,1.3,1.9,5.2,9.4,1.5,1.5,0.2,15.4,0.1,0.3
icr021005,True,20481.4,5575.0,26744.4,50.6,45.7,85.1,34861.5,525.8,4.4,2086.5,5.2,31.8,196.2,10068.0,3.3,4.2,6.4,7.6,5.2,0.3,885.0,0.4,101.3,101.4,9.2,66.1,184.5,5040.8,278.2,8.0,1.6,3.9,7.3,11.6,1.9,1.8,0.2,17.4,0.1,0.6
icr021023,True,19891.4,5575.0,25446.0,50.6,45.7,74.1,12885.6,578.9,4.4,2450.9,2.2,21.0,341.2,12926.7,0.7,6.6,7.9,8.8,5.1,0.3,884.3,0.9,37.3,37.0,13.9,41.8,184.5,2475.5,427.8,29.5,0.7,1.3,9.6,8.4,2.1,0.3,0.2,12.9,0.1,4.1
icr021024,True,20905.8,5575.0,24235.3,41.9,45.7,59.7,9166.9,259.3,4.4,2212.5,5.5,23.7,230.4,14771.3,6.4,9.7,8.6,9.5,7.5,0.3,886.9,0.4,36.5,28.4,12.0,22.9,184.5,2177.3,491.0,34.5,0.7,1.3,11.4,6.1,1.8,0.5,0.2,16.0,0.1,6.1
icr021043,True,25683.3,5575.0,5929.9,50.6,45.7,111.6,4390.6,999.5,4.4,294.4,2.8,5.9,39.1,1346.3,0.7,0.5,1.7,1.7,1.0,0.3,883.7,0.2,6.0,38.9,1.8,24.7,184.5,1190.2,21.9,1.7,0.7,1.3,0.9,4.0,0.1,0.2,0.2,0.4,1.1,0.3
icr021044,True,27108.6,5100.5,5847.8,50.6,45.7,148.6,5179.4,736.5,4.4,256.2,3.3,6.6,15.9,1271.2,0.7,0.5,1.6,1.3,1.0,0.3,886.3,0.2,6.6,38.5,1.5,24.7,184.5,1338.2,20.3,1.7,0.7,1.3,0.7,4.3,0.1,0.2,0.2,0.4,0.7,0.3
icr021063,True,18289.6,5575.0,14696.7,50.6,45.7,73.6,12143.5,1046.1,4.4,1649.4,2.1,27.0,239.7,7762.3,0.7,2.6,5.8,6.0,2.1,0.3,885.0,0.9,23.6,72.5,2.4,24.7,184.5,4240.1,206.2,1.6,0.7,2.5,5.7,6.2,1.4,0.2,0.2,6.6,0.1,0.5
icr021064,True,23401.4,5575.0,12127.2,50.6,45.7,120.2,10792.5,627.0,4.4,1809.0,1.9,29.3,229.3,7443.5,0.7,2.2,5.2,4.5,1.9,0.3,883.7,0.4,21.0,54.4,2.3,23.9,184.5,3619.1,208.0,2.4,0.7,1.3,5.2,7.5,1.5,0.2,0.2,6.3,0.3,0.4
icr021083,True,22358.1,4611.6,4272.2,50.6,45.7,189.3,1463.0,323.3,4.4,506.9,11.7,8.5,14.2,1498.7,0.7,0.9,1.8,1.3,0.8,0.3,886.3,0.2,3.3,10.3,1.0,24.7,184.5,180.5,39.0,1.8,0.7,1.3,0.9,3.8,0.1,0.2,0.2,0.4,1.6,0.3
icr021084,True,24812.6,5575.0,4570.4,50.6,45.7,168.9,1523.1,253.7,4.4,570.9,12.4,10.9,11.8,1880.7,0.7,2.1,2.7,3.7,1.0,0.3,883.0,0.2,3.4,9.6,0.9,24.7,184.5,427.3,26.9,1.9,0.7,1.3,0.8,4.7,0.1,0.2,0.2,0.4,2.2,0.3
icr021103,True,24916.1,5575.0,11443.2,50.6,45.7,258.2,9514.7,1433.9,4.4,670.7,10.5,8.5,30.1,2373.8,0.7,1.0,3.0,2.2,2.3,0.3,884.3,0.2,18.2,57.7,3.6,24.7,184.5,1865.7,59.3,3.6,0.7,1.7,0.7,8.2,0.3,0.2,0.1,2.1,0.9,0.6
icr021104,True,24988.2,5575.0,8923.2,50.6,45.7,229.5,6838.9,884.3,4.4,568.4,10.3,8.1,13.2,2213.4,0.7,1.6,2.8,2.3,2.1,0.3,883.0,0.2,12.6,41.1,3.0,24.7,184.5,1397.2,49.6,3.2,0.7,1.6,0.9,6.5,0.3,0.2,0.2,2.6,0.1,0.7
icr021123,True,25856.5,5575.0,8428.3,50.6,45.7,115.6,7629.0,1274.8,4.4,408.9,5.8,12.9,117.2,2813.3,0.7,1.5,3.1,4.1,1.3,0.3,885.0,0.2,13.6,56.9,2.0,24.7,184.5,2159.4,71.0,4.0,0.6,1.9,1.3,3.7,0.3,0.2,0.2,1.2,0.9,0.5
icr021124,True,26092.4,5575.0,9023.9,50.6,45.7,100.2,8467.2,1181.9,4.4,471.2,7.9,13.2,94.5,3133.6,1.4,1.7,3.1,3.9,1.3,0.3,882.4,0.2,15.1,63.1,2.2,24.7,184.5,2358.7,78.8,4.7,0.7,1.7,1.7,5.2,0.4,0.2,0.2,1.6,1.3,0.3
icr021141,True,21958.2,4974.4,7789.5,49.7,45.7,154.6,5428.5,1269.3,4.4,473.9,5.9,22.4,247.1,2984.8,1.3,2.6,3.6,4.5,1.2,0.3,885.6,0.2,13.5,43.4,3.0,25.6,184.5,1946.5,73.7,3.9,0.7,1.8,1.1,7.8,0.4,0.2,0.2,0.7,0.7,0.3
icr021142,True,21946.0,5575.0,7136.6,54.8,45.7,111.7,4953.7,937.1,4.4,439.2,6.4,22.2,227.6,2855.2,1.2,3.0,3.2,3.3,1.1,0.3,885.6,0.2,12.8,37.8,2.0,24.7,184.5,1752.0,66.2,4.1,0.5,2.1,1.4,6.4,0.2,0.2,0.2,0.7,0.6,0.3
icr024868,True,21608.1,5575.0,20874.6,50.6,45.7,91.2,30655.9,1241.6,4.4,1123.6,11.3,32.4,97.8,4447.3,0.7,7.6,3.4,7.4,5.6,0.3,883.7,0.2,80.2,75.1,5.1,24.7,184.5,2186.3,348.8,80.8,1.9,18.5,0.7,6.9,1.0,0.4,0.2,34.0,0.1,23.7
icr024869,True,20743.3,5575.0,24887.6,50.6,45.7,124.9,29777.1,930.7,4.4,1051.3,3.4,35.3,94.5,4934.5,0.7,8.5,3.8,7.5,5.7,0.3,886.3,0.2,71.0,69.3,6.9,24.7,184.5,3247.2,365.1,75.9,1.1,25.0,1.9,6.3,0.7,0.4,0.2,36.0,0.1,26.8
icr024879,True,20989.0,5575.0,21221.1,50.6,45.7,151.6,16609.9,1846.7,4.4,1634.2,6.5,71.4,193.2,9212.0,0.7,14.3,8.2,9.9,4.5,0.3,885.0,0.2,48.9,46.2,5.5,21.1,184.5,3273.4,272.5,9.2,0.6,5.3,5.7,8.6,1.2,0.3,0.2,8.1,0.1,6.6
icr024880,True,18672.2,5575.0,27784.1,50.6,45.7,65.7,15196.2,1629.8,4.4,1678.0,12.7,100.8,161.6,13018.5,4.9,19.9,11.1,12.7,5.8,0.3,880.4,0.6,56.0,40.5,4.5,23.9,184.5,3102.0,373.2,4.9,0.7,1.6,10.6,3.9,1.3,0.6,0.2,7.6,0.1,3.8
icr024899,True,19826.0,5575.0,20908.8,50.6,45.7,37.1,26365.9,1270.8,4.4,813.8,1.2,9.5,137.8,3561.1,0.7,2.3,2.4,6.1,4.8,0.3,881.1,0.2,60.5,80.4,4.6,24.7,184.5,4443.2,119.5,2.4,1.1,3.5,1.6,4.6,0.5,0.3,0.2,16.5,0.1,3.5
icr024900,True,19949.0,5575.0,21448.3,50.6,45.7,42.6,26548.8,1051.6,4.4,837.7,1.2,10.1,123.3,3508.0,0.7,2.4,2.1,6.2,5.0,0.3,882.4,0.2,63.1,78.8,5.0,24.7,184.5,4496.5,125.1,4.3,1.1,3.3,1.7,5.8,0.5,0.2,0.2,16.9,0.1,4.2
icr024917,True,19893.2,5868.1,28699.9,50.6,45.7,239.0,27691.6,3998.9,4.4,423.9,3.7,11.1,50.6,2638.5,0.7,1.8,2.0,3.6,5.3,0.3,883.7,0.2,58.4,131.3,4.0,24.7,184.5,5216.4,67.4,1.7,0.9,1.6,0.7,3.3,0.3,0.2,0.2,16.7,0.1,2.7
icr024918,True,25585.4,5575.0,57204.4,50.6,45.7,357.9,49080.0,6265.3,4.4,629.1,5.5,13.2,40.2,3838.8,0.7,1.5,3.7,4.4,8.3,0.3,885.6,0.2,91.7,203.5,4.5,24.7,184.5,8753.3,65.6,1.7,1.2,1.2,0.9,3.0,0.2,0.2,0.2,31.6,0.1,1.9
icr024937,True,21787.2,5575.0,12581.9,50.6,45.7,126.8,11797.6,1673.0,4.4,570.8,2.8,19.0,86.1,2496.4,0.7,3.4,2.7,4.7,2.9,0.3,884.3,0.2,26.8,46.1,3.1,24.7,184.5,1912.1,93.2,11.1,0.5,3.1,0.9,2.5,0.1,0.2,0.2,8.4,0.7,4.8
icr024938,True,21007.8,5575.0,12317.9,50.6,45.7,186.4,11663.6,1468.0,4.4,576.2,3.8,20.5,66.4,2603.8,0.7,3.4,2.7,4.4,2.9,0.3,885.0,0.2,26.4,43.4,3.6,24.7,184.5,1882.7,103.1,12.4,0.5,4.9,1.0,2.5,0.2,0.2,0.2,9.1,0.5,5.6
icr024956,True,20314.2,5575.0,26493.0,50.6,45.7,109.7,26168.5,1810.2,4.4,932.5,2.9,26.4,167.9,5745.1,0.7,6.1,4.8,8.4,5.9,0.3,880.4,0.2,62.6,84.2,3.8,24.7,184.5,4573.0,167.6,4.3,1.1,1.6,4.0,5.7,0.9,0.4,0.2,14.2,0.1,4.1
icr024957,True,19418.3,5575.0,32010.3,50.6,45.7,103.2,25459.2,1254.2,4.4,1012.8,4.1,35.9,141.2,8398.5,0.7,9.5,6.4,10.9,7.3,0.3,887.6,0.2,68.0,78.7,5.2,24.7,184.5,4470.9,208.2,6.1,1.3,1.2,6.5,4.1,1.1,0.7,0.2,15.7,0.1,5.0
icr024976,True,19734.7,5575.0,9753.3,50.6,45.7,180.9,7645.6,624.2,4.4,901.9,1.9,15.1,90.7,2924.1,0.7,2.9,3.5,4.6,2.1,0.3,882.4,0.2,21.7,25.9,6.2,24.7,184.5,1390.7,94.8,13.5,0.5,5.7,0.7,3.2,0.2,0.2,0.2,8.7,1.1,4.5
icr024977,True,21302.8,5575.0,9525.4,50.6,45.7,117.6,7043.0,335.9,4.4,770.9,1.4,14.7,62.1,2846.2,0.7,3.0,3.5,4.8,2.1,0.3,881.7,0.2,20.5,20.5,5.0,24.7,184.5,1223.6,84.7,13.1,0.7,3.0,0.9,2.3,0.2,0.2,0.2,7.7,1.4,4.0
icr024994,True,19302.4,5575.0,27278.9,50.6,45.7,32.3,27536.9,1239.1,4.4,1065.3,2.5,32.1,153.5,6003.3,0.7,7.4,3.7,8.5,5.7,0.3,881.7,0.2,78.5,35.0,54.7,24.7,184.5,3369.8,375.2,74.8,1.9,25.7,2.8,6.1,0.2,1.2,0.2,27.0,0.1,19.9
icr024995,True,18079.9,5575.0,35996.7,50.6,45.7,49.5,28764.1,825.0,4.4,1268.1,3.3,32.7,122.0,8567.4,0.7,10.5,5.6,10.4,7.8,0.3,883.7,0.2,89.8,32.8,27.9,24.7,184.5,3308.8,340.6,50.3,1.8,16.8,4.8,4.6,0.9,1.4,0.2,27.4,0.1,28.8
icr025009,True,23014.6,5575.0,21122.7,50.6,45.7,276.4,20244.7,1639.7,4.4,931.3,6.5,16.1,113.7,4347.9,0.7,3.3,4.0,7.4,4.5,0.3,881.7,0.2,44.1,75.7,2.2,24.7,184.5,3718.8,101.7,2.2,0.9,1.1,2.1,2.7,0.7,0.2,0.2,12.8,0.1,2.1
icr025010,True,22366.9,5575.0,20166.1,50.6,45.7,118.8,21115.1,1953.4,4.4,875.6,5.3,14.8,114.6,3718.5,0.7,2.9,3.2,5.4,4.5,0.3,879.1,0.2,46.4,85.1,2.1,24.7,184.5,3900.5,100.2,1.7,1.0,1.2,1.3,2.5,0.7,0.2,0.2,11.8,0.1,0.9
icr025016,True,24791.2,5575.0,11338.2,50.6,45.7,75.7,3750.8,684.2,4.4,516.6,4.1,14.8,35.3,3352.2,0.7,8.2,4.2,4.7,2.4,0.3,883.7,0.3,16.1,12.7,31.8,24.7,184.5,730.5,69.0,6.1,0.7,2.0,0.9,1.8,0.1,0.3,0.2,5.7,0.1,2.3
icr025017,True,21367.2,4720.1,13003.7,50.6,45.7,60.4,3394.8,398.3,4.4,579.9,4.2,18.6,19.8,3974.6,0.7,7.6,4.7,5.6,3.0,2.2,886.3,0.5,16.6,9.4,4.4,24.7,184.5,721.6,97.5,6.6,0.7,2.1,2.3,0.9,0.3,0.2,0.1,0.4,0.8,2.6
icr025036,True,23140.6,5575.0,17607.7,50.6,45.7,127.3,22668.8,910.4,4.4,842.7,1.7,16.1,158.9,2737.3,0.7,3.5,3.5,6.3,3.8,0.3,886.9,0.2,56.5,41.0,8.0,24.7,184.5,2532.6,90.7,5.2,0.7,2.4,0.9,2.9,0.1,0.2,0.2,14.6,0.1,1.5
icr025037,True,22203.0,5575.0,16868.9,50.6,45.7,116.0,21434.5,611.9,4.4,852.8,2.1,15.8,133.3,2581.3,0.7,3.7,3.0,5.4,3.4,0.3,879.8,0.2,53.3,35.5,8.2,24.7,184.5,2354.0,96.6,10.7,0.7,3.1,1.3,2.7,0.2,0.3,0.2,14.1,0.1,3.1
icr025055,True,21180.6,5575.0,17963.1,50.6,45.7,249.6,25866.4,595.2,4.4,1294.3,1.4,9.8,148.0,2892.7,0.7,1.6,2.8,6.7,3.5,0.3,886.3,0.2,70.9,27.3,10.3,24.7,184.5,2443.5,198.1,34.3,0.8,11.4,1.4,5.9,0.5,0.4,0.2,18.7,0.1,9.2
icr025056,True,21408.4,5575.0,18717.6,50.6,45.7,203.2,25738.6,330.3,4.4,1432.7,1.5,10.5,117.6,3336.9,0.7,1.9,1.9,6.3,3.7,0.3,881.1,0.2,72.1,25.2,14.4,24.7,184.5,2487.3,217.8,39.5,0.9,12.4,0.9,6.4,0.5,0.3,0.2,20.1,0.1,11.3
icr025074,True,21726.2,5575.0,21346.1,50.6,45.7,68.0,26786.1,1644.9,4.4,1214.9,17.6,47.1,250.5,6544.8,0.7,8.7,6.0,6.9,5.5,0.3,883.7,0.2,66.4,64.6,3.4,24.7,184.5,3085.8,209.4,17.7,0.7,7.0,1.7,3.4,1.1,0.7,0.2,13.5,0.1,5.5
icr025075,True,22535.1,5575.0,28425.4,50.6,45.7,125.8,25137.2,971.9,4.4,1377.2,14.0,74.9,214.8,10427.5,6.8,13.7,8.6,9.3,6.7,0.3,886.9,0.3,66.6,54.0,3.8,24.7,184.5,3995.9,263.7,8.3,0.8,2.6,7.6,3.2,1.4,1.1,0.2,14.3,0.1,9.6
icr025092,True,21799.0,5575.0,21078.7,50.6,45.7,111.3,26000.1,1284.0,4.4,923.3,5.1,20.5,97.7,3101.8,1.6,3.4,2.3,5.6,4.2,0.3,886.3,0.2,47.1,84.2,4.7,24.7,184.5,5098.7,101.0,5.6,1.3,3.3,1.0,5.9,0.6,0.2,0.2,8.0,0.1,2.3
icr025093,True,23571.7,5575.0,22299.3,50.6,45.7,104.0,25248.1,1128.0,4.4,1037.3,5.9,24.7,88.3,3894.8,1.7,4.5,2.3,6.4,4.7,0.3,884.3,0.2,50.5,83.7,4.9,24.7,184.5,4973.5,113.2,5.5,0.7,3.3,1.2,6.0,0.6,0.2,0.2,8.6,0.1,2.1
icr025111,True,22499.7,5575.0,20480.5,50.6,45.7,146.6,20120.2,2574.9,4.4,978.4,5.9,16.9,100.6,3703.2,1.4,2.5,3.7,7.1,4.4,0.3,884.3,0.2,36.4,82.9,7.1,24.7,184.5,4128.4,131.5,9.2,0.8,5.4,1.6,6.9,0.4,0.2,0.2,8.3,0.1,7.8
icr025112,True,23283.6,5575.0,21132.1,50.6,45.7,135.5,17106.5,1900.9,4.4,989.2,5.6,15.9,77.7,4624.2,0.7,3.3,3.1,7.8,4.8,0.3,884.3,0.2,34.6,71.8,6.3,24.7,184.5,3333.6,148.7,9.5,0.8,4.0,2.3,5.6,0.8,0.2,0.2,5.0,0.2,3.3
icr025135,True,19942.7,5575.0,32893.3,50.6,45.7,61.1,50827.0,1654.1,4.4,371.7,3.8,8.2,140.6,2330.8,0.7,2.2,1.9,5.4,6.9,0.3,887.6,0.2,152.2,39.4,7.3,24.7,184.5,3465.5,68.7,5.4,2.2,1.5,1.0,1.3,0.3,0.5,0.2,28.3,0.1,2.1
icr025136,True,22934.9,5575.0,36986.5,50.6,45.7,103.6,55989.9,1948.2,4.4,420.3,3.7,10.5,135.7,2657.0,0.7,2.6,1.7,5.6,7.7,0.3,883.0,0.2,170.9,46.2,7.1,24.7,184.5,3918.1,74.3,6.4,2.6,2.1,0.8,1.5,0.5,0.7,0.2,33.1,0.1,3.0
icr005928,True,22638.6,5575.0,34709.4,50.6,45.7,103.6,11885.6,17843.5,4.4,1567.1,24.7,56.3,252.8,15597.1,0.7,14.6,7.1,17.5,10.8,0.3,883.0,0.2,25.8,310.2,5.4,24.7,184.5,1921.4,457.6,37.0,0.7,7.9,9.7,1.1,2.5,0.2,1.1,9.5,0.1,5.7
icr005929,True,22411.2,5575.0,38855.1,50.6,45.7,138.9,13316.1,16704.9,4.4,1872.0,27.1,63.1,266.1,18705.9,0.7,19.5,9.5,21.0,12.7,0.3,881.1,0.2,32.9,303.3,5.2,24.7,184.5,2635.1,561.8,43.7,0.9,12.0,12.2,0.8,2.6,0.2,1.3,3.3,0.1,7.1
icr005946,True,21141.1,5575.0,43473.0,50.6,45.7,104.5,11334.0,17793.3,4.4,2179.3,21.2,36.8,224.8,17134.9,0.7,12.8,7.2,23.1,14.6,0.3,886.3,0.2,15.4,552.7,3.7,24.7,184.5,3091.7,568.8,50.2,1.0,10.3,11.0,2.5,2.3,0.2,1.2,9.6,0.1,5.3
icr005947,True,21005.2,5575.0,40518.6,50.6,45.7,117.6,10694.1,15577.2,4.4,1754.5,16.6,26.1,161.3,13341.0,0.7,9.6,5.3,19.6,12.7,0.3,880.4,0.2,13.4,496.3,2.7,24.7,184.5,2997.4,458.2,41.2,1.0,8.9,7.6,1.1,2.4,0.2,0.8,9.6,0.1,3.2
